,Analysis,Backdoor,DoS,Exploits,Fuzzers,Generic,Normal,Reconnaissance,Shellcode,Worms
Analysis,0.09010339734121123,0.07090103397341212,0.03840472673559823,0.6587887740029542,0.10930576070901034,0.0,0.03249630723781388,0.0,0.0,0.0
Backdoor,0.10463121783876501,0.07032590051457976,0.048027444253859346,0.62778730703259,0.1320754716981132,0.0,0.010291595197255575,0.0,0.00686106346483705,0.0
DoS,0.05429200293470286,0.15969674737099535,0.12007825874296894,0.607483492296405,0.028613352898019074,0.002690144289557349,0.011005135730007337,0.005624847150892639,0.010516018586451455,0.0
Exploits,0.024703557312252964,0.054078332734459215,0.014193316564858068,0.8505210204814948,0.023715415019762844,0.001706791232482932,0.009611929572403881,0.01437297879985627,0.006737333812432626,0.00035932446999640676
Fuzzers,0.02342461233916199,0.015671395579016825,0.012042230287033983,0.17997360607060375,0.5847904981854174,0.0006598482349059716,0.14252721873968988,0.0013196964698119432,0.0395908940943583,0.0
Generic,0.0,0.0002649568120396375,0.002013671771501245,0.02109056223835515,0.0024905940331725928,0.9721265433734302,0.0006358963488951301,0.0,0.0011128186105664776,0.0002649568120396375
Normal,0.01372972972972973,0.0,0.0009729729729729729,0.018216216216216215,0.20754054054054055,0.0001891891891891892,0.755972972972973,0.0001891891891891892,0.0031891891891891893,0.0
Reconnaissance,0.006006864988558352,0.02431350114416476,0.003432494279176201,0.14788329519450802,0.002288329519450801,0.0002860411899313501,0.003146453089244851,0.8066361556064073,0.006006864988558352,0.0
Shellcode,0.0,0.0026455026455026454,0.015873015873015872,0.10052910052910052,0.07407407407407407,0.0,0.018518518518518517,0.0026455026455026454,0.783068783068783,0.0026455026455026454
Worms,0.0,0.0,0.0,0.5,0.06818181818181818,0.022727272727272728,0.0,0.0,0.0,0.4090909090909091
