attack,precision,recall,f1,support
Analysis,0.016770483948251078,0.051698670605613,0.02532561505065123,677.0
Backdoor,0.05258557902403496,0.6192109777015438,0.09693877551020408,583.0
DoS,0.4268209666439755,0.1533382245047689,0.22562072688017273,4089.0
Exploits,0.7762160975074118,0.6350161696011498,0.6985523000148228,11132.0
Fuzzers,0.25597842373389273,0.7045529528208512,0.37552204686332263,6062.0
Generic,0.9995602946026162,0.9637009167505697,0.9813031161473088,18871.0
Normal,0.9907387557346825,0.6245135135135135,0.7661091126104471,37000.0
Reconnaissance,0.8591508052708638,0.8392448512585813,0.8490811749385039,3496.0
Shellcode,0.26521739130434785,0.8068783068783069,0.3992146596858639,378.0
Worms,0.6486486486486487,0.5454545454545454,0.5925925925925926,44.0
