feature,abs_skew
trans_depth,167.33582855560118
response_body_len,76.34007534990573
sbytes,45.30344290011049
sloss,44.753661814075365
dloss,41.380270070282876
spkts,40.21770262781215
dbytes,39.760863679082725
dpkts,36.764114389629526
dinpkt,29.679512036864192
djit,29.543830440062997
ct_flw_http_mthd,23.451424399654755
sjit,17.652157188177323
ct_ftp_cmd,9.943195899640124
is_ftp_login,9.943195899640124
sload,8.703398789576552
sinpkt,7.9175349216289455
is_sm_ips_ports,7.778199328704076
dur,7.49606054459253
synack,5.786285648066839
ackdat,5.6156054007176
dload,4.691217092888464
tcprtt,4.038358803391814
smean,3.72662255685938
rate,3.3194945898084494
dmean,2.826145862215661
ct_src_dport_ltm,2.171187423540943
ct_dst_ltm,2.050110491424287
ct_src_ltm,1.84208491230869
ct_dst_sport_ltm,1.696465795424448
ct_dst_src_ltm,1.5553647257828664
ct_srv_dst,1.529024540617823
ct_srv_src,1.521177992740461
stcpb,1.081121495532782
dtcpb,1.0810171187072481
ct_state_ttl,0.9284144340667259
dttl,0.8950095892231045
sttl,0.6781092365887202
dwin,0.19681999607316308
swin,0.17704781219704685
