model,feature,detection_drop,detection_drop_std,macro_f1_drop,macro_f1_drop_std,detection_drop_share
RandomForest,dttl,1.1164930976023242,0.04491944052068589,-0.3796061617123769,0.21250007459319634,0.36442687747035885
RandomForest,proto,0.6999273431823638,0.037831192423865616,1.5884528309487933,0.19127297589248024,0.22845849802371598
RandomForest,sloss,0.4625817389198289,0.06001216610978227,0.49423574606409204,0.8462972376012381,0.15098814229248944
RandomForest,service,0.22765802857834672,0.066502931546365,10.365551350535984,0.48213418167987115,0.07430830039525711
RandomForest,swin,0.10171954468393665,0.012349284363266792,0.04136459131541557,0.05175482241471036,0.03320158102766627
RandomForest,ackdat,0.09445386292080116,0.020833919271114432,0.8138630240963195,0.13826880132061795,0.03083003952569104
RandomForest,dinpkt,0.0920319689997541,0.02718569183899475,1.0806861439444788,0.026343847490542537,0.030039525691698675
RandomForest,dbytes,0.07265681763138332,0.02966202158856038,0.2522954110463232,0.7736258781070218,0.023715415019761623
RandomForest,state,0.05570356018406244,0.023729617270847842,-0.17109816007593395,0.13018157885440948,0.018181818181817862
RandomForest,dtcpb,0.03875030273673872,0.011864808635418698,-0.5342359409527063,0.17016054630583824,0.012648221343873176
RandomForest,stcpb,0.03875030273673872,0.011864808635418698,1.1786755513613727,0.056729405610044456,0.012648221343873176
RandomForest,ct_dst_src_ltm,0.019375151368367937,0.031203920384414472,2.459967411652785,0.8434065721307873,0.006324110671936123
RandomForest,ct_flw_http_mthd,0.016953257447329406,0.005932404317713701,1.2964434071909239,0.020844966328495623,0.005533596837946543
RandomForest,djit,0.009687575684188232,0.014121946948043656,0.6924355106154522,0.8132431938464141,0.0031620553359694536
RandomForest,dwin,0.00968757568418539,0.016065026836306718,0.02678646023945532,0.07259697166155915,0.0031620553359685256
RandomForest,spkts,0.004843787842091274,0.021113581707634964,0.6323260068067483,0.8106396470507458,0.001581027667983799
RandomForest,is_sm_ips_ports,0.002421893921047058,0.004843787842094116,0.001729307571660854,0.006754076097659482,0.0007905138339923634
RandomForest,dpkts,0.0,0.010831038883509461,0.4203542091582776,0.7496418112256057,0.0
RandomForest,response_body_len,0.0,0.0,0.21954655020581698,0.0102424990956937,0.0
RandomForest,is_ftp_login,0.0,0.0,0.0020323027146673667,0.0,0.0
RandomForest,ct_ftp_cmd,0.0,0.0,-0.0003777384587166921,0.0007554769174333843,0.0
RandomForest,dmean,-0.004843787842091274,0.016426083756660836,0.03573657380217839,0.6548193547598787,0.0
RandomForest,tcprtt,-0.012109469605232449,0.007658701041820219,-0.5563731129319607,0.16701225530282865,0.0
RandomForest,trans_depth,-0.012109469605232449,0.007658701041820219,1.004682497900896,0.6130714180845388,0.0
RandomForest,dload,-0.021797045289414996,0.0208339192711141,1.066252866549867,0.09252581722366054,0.0
RandomForest,dloss,-0.02421893921045921,0.007658701041820219,1.1098675538850429,0.7252729132723771,0.0
RandomForest,sjit,-0.02664083313150627,0.024698568726531353,1.0758342324416716,0.06987310526659399,0.0
RandomForest,ct_dst_sport_ltm,-0.029062727052553326,0.022459720260345397,0.06964959700040367,0.09969275972006542,0.0
RandomForest,ct_dst_ltm,-0.03632840881569166,0.0,1.0573154652143741,0.9182784219418406,0.0
RandomForest,ct_src_ltm,-0.036328408815694505,0.0171253761488645,0.16658393960644843,0.22610622114620393,0.0
RandomForest,sinpkt,-0.04601598449987705,0.017797212953136847,0.2215183293748595,0.9317706450121239,0.0
RandomForest,synack,-0.05570356018406528,0.016426083756661252,1.0923584095537548,0.6804895453580292,0.0
RandomForest,dur,-0.0581254541051095,0.014121946948037808,0.7303873969972414,0.7580845117219461,0.0
RandomForest,ct_state_ttl,-0.05812545410511234,0.009061897279664072,0.6765237788701342,0.9042582409391401,0.0
RandomForest,rate,-0.06539113586825067,0.029263855591174708,0.49355737575482406,0.7021563387020684,0.0
RandomForest,ct_srv_dst,-0.06539113586825067,0.033030229346054665,1.4359570103827395,1.1335764904522152,0.0
RandomForest,ct_src_dport_ltm,-0.08476628723662145,0.02966202158855806,0.3123417547690977,0.5788863324320314,0.0
RandomForest,ct_srv_src,-0.08476628723662145,0.027613839309738503,1.0271868030015199,1.0490235451327397,0.0
RandomForest,sttl,-0.08961007507871273,0.009687575684188232,1.2514706331357957,0.7235164884999146,0.0
RandomForest,sbytes,-0.09687575684185105,0.0171253761488645,3.115607389734393,0.187408804031136,0.0
RandomForest,smean,-0.09929765076289812,0.01186480863542218,3.475742957711836,0.14148883996765102,0.0
RandomForest,sload,-0.12836037781545712,0.022459720260344172,0.054527376353037484,1.5538047738261407,0.0
