model,variant,type,level,attack,n_eligible,evasion_rate,low_support,n_correct,pct_correct,n_misclassified_attack,pct_misclassified_attack,n_evaded,pct_evaded
RandomForest,identity_L0,identity,0,Analysis,676,0.0,False,35,5.1775,641,94.8225,0,0.0
RandomForest,identity_L0,identity,0,Backdoor,583,0.0,False,361,61.9211,222,38.0789,0,0.0
RandomForest,identity_L0,identity,0,DoS,4087,0.0,False,627,15.3413,3460,84.6587,0,0.0
RandomForest,identity_L0,identity,0,Exploits,11107,0.0,False,7069,63.6445,4038,36.3555,0,0.0
RandomForest,identity_L0,identity,0,Fuzzers,5876,0.0,False,4271,72.6855,1605,27.3145,0,0.0
RandomForest,identity_L0,identity,0,Generic,18871,0.0,False,18186,96.3701,685,3.6299,0,0.0
RandomForest,identity_L0,identity,0,Reconnaissance,3494,0.0,False,2934,83.9725,560,16.0275,0,0.0
RandomForest,identity_L0,identity,0,Shellcode,378,0.0,False,305,80.6878,73,19.3122,0,0.0
RandomForest,identity_L0,identity,0,Worms,44,0.0,True,24,54.5455,20,45.4545,0,0.0
XGBoost,identity_L0,identity,0,Analysis,655,0.0,False,61,9.313,594,90.687,0,0.0
XGBoost,identity_L0,identity,0,Backdoor,577,0.0,False,41,7.1057,536,92.8943,0,0.0
XGBoost,identity_L0,identity,0,DoS,4044,0.0,False,491,12.1414,3553,87.8586,0,0.0
XGBoost,identity_L0,identity,0,Exploits,11025,0.0,False,9468,85.8776,1557,14.1224,0,0.0
XGBoost,identity_L0,identity,0,Fuzzers,5198,0.0,False,3545,68.1993,1653,31.8007,0,0.0
XGBoost,identity_L0,identity,0,Generic,18859,0.0,False,18345,97.2745,514,2.7255,0,0.0
XGBoost,identity_L0,identity,0,Reconnaissance,3485,0.0,False,2820,80.9182,665,19.0818,0,0.0
XGBoost,identity_L0,identity,0,Shellcode,371,0.0,False,296,79.7844,75,20.2156,0,0.0
XGBoost,identity_L0,identity,0,Worms,44,0.0,True,18,40.9091,26,59.0909,0,0.0
Transformer,identity_L0,identity,0,Analysis,668,0.0,False,0,0.0,668,100.0,0,0.0
Transformer,identity_L0,identity,0,Backdoor,583,0.0,False,394,67.5815,189,32.4185,0,0.0
Transformer,identity_L0,identity,0,DoS,4087,0.0,False,1317,32.2241,2770,67.7759,0,0.0
Transformer,identity_L0,identity,0,Exploits,11116,0.0,False,6135,55.1907,4981,44.8093,0,0.0
Transformer,identity_L0,identity,0,Fuzzers,6061,0.0,False,3984,65.7317,2077,34.2683,0,0.0
Transformer,identity_L0,identity,0,Generic,18869,0.0,False,18148,96.1789,721,3.8211,0,0.0
Transformer,identity_L0,identity,0,Reconnaissance,3496,0.0,False,2994,85.6407,502,14.3593,0,0.0
Transformer,identity_L0,identity,0,Shellcode,378,0.0,False,327,86.5079,51,13.4921,0,0.0
Transformer,identity_L0,identity,0,Worms,44,0.0,True,25,56.8182,19,43.1818,0,0.0
RandomForest,ttl_hold_L1,ttl_hold,1,Analysis,676,2.9586,False,16,2.3669,640,94.6746,20,2.9586
RandomForest,ttl_hold_L1,ttl_hold,1,Backdoor,583,3.4305,False,249,42.7101,314,53.8593,20,3.4305
RandomForest,ttl_hold_L1,ttl_hold,1,DoS,4087,0.5383,False,840,20.553,3225,78.9087,22,0.5383
RandomForest,ttl_hold_L1,ttl_hold,1,Exploits,11107,0.4142,False,7182,64.6619,3879,34.9239,46,0.4142
RandomForest,ttl_hold_L1,ttl_hold,1,Fuzzers,5876,1.9061,False,3848,65.4867,1916,32.6072,112,1.9061
RandomForest,ttl_hold_L1,ttl_hold,1,Generic,18871,0.0,False,18160,96.2323,711,3.7677,0,0.0
RandomForest,ttl_hold_L1,ttl_hold,1,Reconnaissance,3494,0.0286,False,2807,80.3377,686,19.6337,1,0.0286
RandomForest,ttl_hold_L1,ttl_hold,1,Shellcode,378,0.2646,False,194,51.3228,183,48.4127,1,0.2646
RandomForest,ttl_hold_L1,ttl_hold,1,Worms,44,0.0,True,6,13.6364,38,86.3636,0,0.0
XGBoost,ttl_hold_L1,ttl_hold,1,Analysis,655,0.1527,False,65,9.9237,589,89.9237,1,0.1527
XGBoost,ttl_hold_L1,ttl_hold,1,Backdoor,577,0.6932,False,39,6.7591,534,92.5477,4,0.6932
XGBoost,ttl_hold_L1,ttl_hold,1,DoS,4044,0.7418,False,602,14.8863,3412,84.3719,30,0.7418
XGBoost,ttl_hold_L1,ttl_hold,1,Exploits,11025,0.5986,False,8993,81.5692,1966,17.8322,66,0.5986
XGBoost,ttl_hold_L1,ttl_hold,1,Fuzzers,5198,60.9465,False,30,0.5771,2000,38.4763,3168,60.9465
XGBoost,ttl_hold_L1,ttl_hold,1,Generic,18859,0.0954,False,18327,97.1791,514,2.7255,18,0.0954
XGBoost,ttl_hold_L1,ttl_hold,1,Reconnaissance,3485,0.4017,False,2583,74.1176,888,25.4806,14,0.4017
XGBoost,ttl_hold_L1,ttl_hold,1,Shellcode,371,15.0943,False,78,21.0243,237,63.8814,56,15.0943
XGBoost,ttl_hold_L1,ttl_hold,1,Worms,44,2.2727,True,13,29.5455,30,68.1818,1,2.2727
Transformer,ttl_hold_L1,ttl_hold,1,Analysis,668,26.3473,False,0,0.0,492,73.6527,176,26.3473
Transformer,ttl_hold_L1,ttl_hold,1,Backdoor,583,27.2727,False,25,4.2882,399,68.4391,159,27.2727
Transformer,ttl_hold_L1,ttl_hold,1,DoS,4087,12.8211,False,2681,65.5982,882,21.5806,524,12.8211
Transformer,ttl_hold_L1,ttl_hold,1,Exploits,11116,6.0543,False,5851,52.6358,4592,41.3098,673,6.0543
Transformer,ttl_hold_L1,ttl_hold,1,Fuzzers,6061,29.6816,False,157,2.5903,4105,67.7281,1799,29.6816
Transformer,ttl_hold_L1,ttl_hold,1,Generic,18869,1.8496,False,3372,17.8706,15148,80.2798,349,1.8496
Transformer,ttl_hold_L1,ttl_hold,1,Reconnaissance,3496,2.6316,False,217,6.2071,3187,91.1613,92,2.6316
Transformer,ttl_hold_L1,ttl_hold,1,Shellcode,378,1.5873,False,18,4.7619,354,93.6508,6,1.5873
Transformer,ttl_hold_L1,ttl_hold,1,Worms,44,0.0,True,5,11.3636,39,88.6364,0,0.0
RandomForest,ttl_hold_L2,ttl_hold,2,Analysis,676,2.9586,False,16,2.3669,640,94.6746,20,2.9586
RandomForest,ttl_hold_L2,ttl_hold,2,Backdoor,583,3.4305,False,248,42.5386,315,54.0309,20,3.4305
RandomForest,ttl_hold_L2,ttl_hold,2,DoS,4087,0.5383,False,848,20.7487,3217,78.713,22,0.5383
RandomForest,ttl_hold_L2,ttl_hold,2,Exploits,11107,0.4142,False,7187,64.7069,3874,34.8789,46,0.4142
RandomForest,ttl_hold_L2,ttl_hold,2,Fuzzers,5876,1.872,False,3845,65.4357,1921,32.6923,110,1.872
RandomForest,ttl_hold_L2,ttl_hold,2,Generic,18871,0.0,False,18158,96.2217,713,3.7783,0,0.0
RandomForest,ttl_hold_L2,ttl_hold,2,Reconnaissance,3494,0.0286,False,2804,80.2519,689,19.7195,1,0.0286
RandomForest,ttl_hold_L2,ttl_hold,2,Shellcode,378,0.2646,False,183,48.4127,194,51.3228,1,0.2646
RandomForest,ttl_hold_L2,ttl_hold,2,Worms,44,0.0,True,5,11.3636,39,88.6364,0,0.0
XGBoost,ttl_hold_L2,ttl_hold,2,Analysis,655,0.0,False,54,8.2443,601,91.7557,0,0.0
XGBoost,ttl_hold_L2,ttl_hold,2,Backdoor,577,0.5199,False,33,5.7192,541,93.7608,3,0.5199
XGBoost,ttl_hold_L2,ttl_hold,2,DoS,4044,0.3462,False,672,16.6172,3358,83.0366,14,0.3462
XGBoost,ttl_hold_L2,ttl_hold,2,Exploits,11025,0.3265,False,9481,85.9955,1508,13.678,36,0.3265
XGBoost,ttl_hold_L2,ttl_hold,2,Fuzzers,5198,53.7899,False,25,0.481,2377,45.7291,2796,53.7899
XGBoost,ttl_hold_L2,ttl_hold,2,Generic,18859,0.053,False,18271,96.8821,578,3.0648,10,0.053
XGBoost,ttl_hold_L2,ttl_hold,2,Reconnaissance,3485,0.3156,False,2525,72.4534,949,27.231,11,0.3156
XGBoost,ttl_hold_L2,ttl_hold,2,Shellcode,371,3.504,False,8,2.1563,350,94.3396,13,3.504
XGBoost,ttl_hold_L2,ttl_hold,2,Worms,44,0.0,True,3,6.8182,41,93.1818,0,0.0
Transformer,ttl_hold_L2,ttl_hold,2,Analysis,668,26.7964,False,0,0.0,489,73.2036,179,26.7964
Transformer,ttl_hold_L2,ttl_hold,2,Backdoor,583,27.6158,False,23,3.9451,399,68.4391,161,27.6158
Transformer,ttl_hold_L2,ttl_hold,2,DoS,4087,13.0658,False,2697,65.9897,856,20.9445,534,13.0658
Transformer,ttl_hold_L2,ttl_hold,2,Exploits,11116,6.1533,False,5843,52.5639,4589,41.2828,684,6.1533
Transformer,ttl_hold_L2,ttl_hold,2,Fuzzers,6061,29.8796,False,153,2.5243,4097,67.5961,1811,29.8796
Transformer,ttl_hold_L2,ttl_hold,2,Generic,18869,1.9503,False,3317,17.5791,15184,80.4706,368,1.9503
Transformer,ttl_hold_L2,ttl_hold,2,Reconnaissance,3496,2.6602,False,209,5.9783,3194,91.3616,93,2.6602
Transformer,ttl_hold_L2,ttl_hold,2,Shellcode,378,1.5873,False,18,4.7619,354,93.6508,6,1.5873
Transformer,ttl_hold_L2,ttl_hold,2,Worms,44,0.0,True,5,11.3636,39,88.6364,0,0.0
RandomForest,ttl_hold_L3,ttl_hold,3,Analysis,676,14.2012,False,4,0.5917,576,85.2071,96,14.2012
RandomForest,ttl_hold_L3,ttl_hold,3,Backdoor,583,15.7804,False,269,46.1407,222,38.0789,92,15.7804
RandomForest,ttl_hold_L3,ttl_hold,3,DoS,4087,5.9946,False,745,18.2285,3097,75.7769,245,5.9946
RandomForest,ttl_hold_L3,ttl_hold,3,Exploits,11107,3.4933,False,7086,63.7976,3633,32.7091,388,3.4933
RandomForest,ttl_hold_L3,ttl_hold,3,Fuzzers,5876,18.1756,False,3234,55.0374,1574,26.7869,1068,18.1756
RandomForest,ttl_hold_L3,ttl_hold,3,Generic,18871,0.212,False,18155,96.2058,676,3.5822,40,0.212
RandomForest,ttl_hold_L3,ttl_hold,3,Reconnaissance,3494,1.5741,False,2811,80.4522,628,17.9737,55,1.5741
RandomForest,ttl_hold_L3,ttl_hold,3,Shellcode,378,4.2328,False,185,48.9418,177,46.8254,16,4.2328
RandomForest,ttl_hold_L3,ttl_hold,3,Worms,44,2.2727,True,7,15.9091,36,81.8182,1,2.2727
XGBoost,ttl_hold_L3,ttl_hold,3,Analysis,655,61.2214,False,203,30.9924,51,7.7863,401,61.2214
XGBoost,ttl_hold_L3,ttl_hold,3,Backdoor,577,64.6447,False,4,0.6932,200,34.662,373,64.6447
XGBoost,ttl_hold_L3,ttl_hold,3,DoS,4044,64.6637,False,2,0.0495,1427,35.2868,2615,64.6637
XGBoost,ttl_hold_L3,ttl_hold,3,Exploits,11025,86.7755,False,16,0.1451,1442,13.0794,9567,86.7755
XGBoost,ttl_hold_L3,ttl_hold,3,Fuzzers,5198,89.2651,False,0,0.0,558,10.7349,4640,89.2651
XGBoost,ttl_hold_L3,ttl_hold,3,Generic,18859,4.645,False,17970,95.2861,13,0.0689,876,4.645
XGBoost,ttl_hold_L3,ttl_hold,3,Reconnaissance,3485,95.6958,False,0,0.0,150,4.3042,3335,95.6958
XGBoost,ttl_hold_L3,ttl_hold,3,Shellcode,371,100.0,False,0,0.0,0,0.0,371,100.0
XGBoost,ttl_hold_L3,ttl_hold,3,Worms,44,100.0,True,0,0.0,0,0.0,44,100.0
Transformer,ttl_hold_L3,ttl_hold,3,Analysis,668,32.9341,False,0,0.0,448,67.0659,220,32.9341
Transformer,ttl_hold_L3,ttl_hold,3,Backdoor,583,32.5901,False,21,3.6021,372,63.8079,190,32.5901
Transformer,ttl_hold_L3,ttl_hold,3,DoS,4087,16.369,False,2654,64.9376,764,18.6934,669,16.369
Transformer,ttl_hold_L3,ttl_hold,3,Exploits,11116,7.5567,False,5794,52.1231,4482,40.3203,840,7.5567
Transformer,ttl_hold_L3,ttl_hold,3,Fuzzers,6061,33.0968,False,105,1.7324,3950,65.1708,2006,33.0968
Transformer,ttl_hold_L3,ttl_hold,3,Generic,18869,4.208,False,2402,12.7299,15673,83.0622,794,4.208
Transformer,ttl_hold_L3,ttl_hold,3,Reconnaissance,3496,3.3467,False,163,4.6625,3216,91.9908,117,3.3467
Transformer,ttl_hold_L3,ttl_hold,3,Shellcode,378,1.5873,False,3,0.7937,369,97.619,6,1.5873
Transformer,ttl_hold_L3,ttl_hold,3,Worms,44,0.0,True,5,11.3636,39,88.6364,0,0.0
RandomForest,ttl_mimic_L1,ttl_mimic,1,Analysis,676,23.9645,False,4,0.5917,510,75.4438,162,23.9645
RandomForest,ttl_mimic_L1,ttl_mimic,1,Backdoor,583,26.4151,False,176,30.1887,253,43.3962,154,26.4151
RandomForest,ttl_mimic_L1,ttl_mimic,1,DoS,4087,5.701,False,886,21.6785,2968,72.6205,233,5.701
RandomForest,ttl_mimic_L1,ttl_mimic,1,Exploits,11107,3.8174,False,7195,64.779,3488,31.4036,424,3.8174
RandomForest,ttl_mimic_L1,ttl_mimic,1,Fuzzers,5876,16.4568,False,3202,54.4929,1707,29.0504,967,16.4568
RandomForest,ttl_mimic_L1,ttl_mimic,1,Generic,18871,0.1537,False,18156,96.2111,686,3.6352,29,0.1537
RandomForest,ttl_mimic_L1,ttl_mimic,1,Reconnaissance,3494,1.0017,False,2806,80.3091,653,18.6892,35,1.0017
RandomForest,ttl_mimic_L1,ttl_mimic,1,Shellcode,378,1.5873,False,181,47.8836,191,50.5291,6,1.5873
RandomForest,ttl_mimic_L1,ttl_mimic,1,Worms,44,2.2727,True,3,6.8182,40,90.9091,1,2.2727
XGBoost,ttl_mimic_L1,ttl_mimic,1,Analysis,655,0.6107,False,65,9.9237,586,89.4656,4,0.6107
XGBoost,ttl_mimic_L1,ttl_mimic,1,Backdoor,577,1.5598,False,35,6.0659,533,92.3744,9,1.5598
XGBoost,ttl_mimic_L1,ttl_mimic,1,DoS,4044,1.5579,False,611,15.1088,3370,83.3333,63,1.5579
XGBoost,ttl_mimic_L1,ttl_mimic,1,Exploits,11025,2.2132,False,8923,80.9342,1858,16.8526,244,2.2132
XGBoost,ttl_mimic_L1,ttl_mimic,1,Fuzzers,5198,62.0623,False,19,0.3655,1953,37.5721,3226,62.0623
XGBoost,ttl_mimic_L1,ttl_mimic,1,Generic,18859,0.35,False,18290,96.9829,503,2.6672,66,0.35
XGBoost,ttl_mimic_L1,ttl_mimic,1,Reconnaissance,3485,2.9268,False,2500,71.736,883,25.3372,102,2.9268
XGBoost,ttl_mimic_L1,ttl_mimic,1,Shellcode,371,41.2399,False,24,6.469,194,52.2911,153,41.2399
XGBoost,ttl_mimic_L1,ttl_mimic,1,Worms,44,2.2727,True,13,29.5455,30,68.1818,1,2.2727
Transformer,ttl_mimic_L1,ttl_mimic,1,Analysis,668,90.1198,False,0,0.0,66,9.8802,602,90.1198
Transformer,ttl_mimic_L1,ttl_mimic,1,Backdoor,583,86.7925,False,19,3.259,58,9.9485,506,86.7925
Transformer,ttl_mimic_L1,ttl_mimic,1,DoS,4087,65.3046,False,887,21.703,531,12.9924,2669,65.3046
Transformer,ttl_mimic_L1,ttl_mimic,1,Exploits,11116,31.3962,False,5018,45.1421,2608,23.4617,3490,31.3962
Transformer,ttl_mimic_L1,ttl_mimic,1,Fuzzers,6061,67.0516,False,26,0.429,1971,32.5194,4064,67.0516
Transformer,ttl_mimic_L1,ttl_mimic,1,Generic,18869,95.5059,False,0,0.0,848,4.4941,18021,95.5059
Transformer,ttl_mimic_L1,ttl_mimic,1,Reconnaissance,3496,35.8124,False,50,1.4302,2194,62.7574,1252,35.8124
Transformer,ttl_mimic_L1,ttl_mimic,1,Shellcode,378,25.9259,False,1,0.2646,279,73.8095,98,25.9259
Transformer,ttl_mimic_L1,ttl_mimic,1,Worms,44,13.6364,True,5,11.3636,33,75.0,6,13.6364
RandomForest,ttl_mimic_L2,ttl_mimic,2,Analysis,676,2.9586,False,16,2.3669,640,94.6746,20,2.9586
RandomForest,ttl_mimic_L2,ttl_mimic,2,Backdoor,583,3.4305,False,246,42.1955,317,54.3739,20,3.4305
RandomForest,ttl_mimic_L2,ttl_mimic,2,DoS,4087,0.6362,False,848,20.7487,3213,78.6151,26,0.6362
RandomForest,ttl_mimic_L2,ttl_mimic,2,Exploits,11107,0.4322,False,7186,64.6979,3873,34.8699,48,0.4322
RandomForest,ttl_mimic_L2,ttl_mimic,2,Fuzzers,5876,1.855,False,3844,65.4187,1923,32.7263,109,1.855
RandomForest,ttl_mimic_L2,ttl_mimic,2,Generic,18871,0.0,False,18158,96.2217,713,3.7783,0,0.0
RandomForest,ttl_mimic_L2,ttl_mimic,2,Reconnaissance,3494,0.0,False,2804,80.2519,690,19.7481,0,0.0
RandomForest,ttl_mimic_L2,ttl_mimic,2,Shellcode,378,0.2646,False,183,48.4127,194,51.3228,1,0.2646
RandomForest,ttl_mimic_L2,ttl_mimic,2,Worms,44,0.0,True,5,11.3636,39,88.6364,0,0.0
XGBoost,ttl_mimic_L2,ttl_mimic,2,Analysis,655,0.0,False,54,8.2443,601,91.7557,0,0.0
XGBoost,ttl_mimic_L2,ttl_mimic,2,Backdoor,577,0.5199,False,33,5.7192,541,93.7608,3,0.5199
XGBoost,ttl_mimic_L2,ttl_mimic,2,DoS,4044,0.3215,False,669,16.543,3362,83.1355,13,0.3215
XGBoost,ttl_mimic_L2,ttl_mimic,2,Exploits,11025,0.3265,False,9483,86.0136,1506,13.6599,36,0.3265
XGBoost,ttl_mimic_L2,ttl_mimic,2,Fuzzers,5198,53.7707,False,26,0.5002,2377,45.7291,2795,53.7707
XGBoost,ttl_mimic_L2,ttl_mimic,2,Generic,18859,0.053,False,18272,96.8874,577,3.0595,10,0.053
XGBoost,ttl_mimic_L2,ttl_mimic,2,Reconnaissance,3485,0.3156,False,2525,72.4534,949,27.231,11,0.3156
XGBoost,ttl_mimic_L2,ttl_mimic,2,Shellcode,371,3.504,False,8,2.1563,350,94.3396,13,3.504
XGBoost,ttl_mimic_L2,ttl_mimic,2,Worms,44,0.0,True,3,6.8182,41,93.1818,0,0.0
Transformer,ttl_mimic_L2,ttl_mimic,2,Analysis,668,26.7964,False,0,0.0,489,73.2036,179,26.7964
Transformer,ttl_mimic_L2,ttl_mimic,2,Backdoor,583,28.1304,False,23,3.9451,396,67.9245,164,28.1304
Transformer,ttl_mimic_L2,ttl_mimic,2,DoS,4087,12.3318,False,2699,66.0387,884,21.6296,504,12.3318
Transformer,ttl_mimic_L2,ttl_mimic,2,Exploits,11116,5.8654,False,5877,52.8697,4587,41.2648,652,5.8654
Transformer,ttl_mimic_L2,ttl_mimic,2,Fuzzers,6061,29.7311,False,153,2.5243,4106,67.7446,1802,29.7311
Transformer,ttl_mimic_L2,ttl_mimic,2,Generic,18869,2.0086,False,3317,17.5791,15173,80.4123,379,2.0086
Transformer,ttl_mimic_L2,ttl_mimic,2,Reconnaissance,3496,2.5458,False,209,5.9783,3198,91.476,89,2.5458
Transformer,ttl_mimic_L2,ttl_mimic,2,Shellcode,378,1.5873,False,18,4.7619,354,93.6508,6,1.5873
Transformer,ttl_mimic_L2,ttl_mimic,2,Worms,44,0.0,True,5,11.3636,39,88.6364,0,0.0
RandomForest,ttl_mimic_L3,ttl_mimic,3,Analysis,676,66.1243,False,0,0.0,229,33.8757,447,66.1243
RandomForest,ttl_mimic_L3,ttl_mimic,3,Backdoor,583,72.3842,False,106,18.1818,55,9.434,422,72.3842
RandomForest,ttl_mimic_L3,ttl_mimic,3,DoS,4087,24.5168,False,493,12.0626,2592,63.4206,1002,24.5168
RandomForest,ttl_mimic_L3,ttl_mimic,3,Exploits,11107,17.1333,False,6622,59.6201,2582,23.2466,1903,17.1333
RandomForest,ttl_mimic_L3,ttl_mimic,3,Fuzzers,5876,67.7332,False,1321,22.4813,575,9.7856,3980,67.7332
RandomForest,ttl_mimic_L3,ttl_mimic,3,Generic,18871,1.5367,False,18102,95.925,479,2.5383,290,1.5367
RandomForest,ttl_mimic_L3,ttl_mimic,3,Reconnaissance,3494,4.7796,False,2784,79.6795,543,15.5409,167,4.7796
RandomForest,ttl_mimic_L3,ttl_mimic,3,Shellcode,378,24.8677,False,144,38.0952,140,37.037,94,24.8677
RandomForest,ttl_mimic_L3,ttl_mimic,3,Worms,44,13.6364,True,4,9.0909,34,77.2727,6,13.6364
XGBoost,ttl_mimic_L3,ttl_mimic,3,Analysis,655,63.8168,False,191,29.1603,46,7.0229,418,63.8168
XGBoost,ttl_mimic_L3,ttl_mimic,3,Backdoor,577,66.3778,False,4,0.6932,190,32.9289,383,66.3778
XGBoost,ttl_mimic_L3,ttl_mimic,3,DoS,4044,66.4936,False,2,0.0495,1353,33.457,2689,66.4936
XGBoost,ttl_mimic_L3,ttl_mimic,3,Exploits,11025,87.4649,False,16,0.1451,1366,12.39,9643,87.4649
XGBoost,ttl_mimic_L3,ttl_mimic,3,Fuzzers,5198,89.8038,False,0,0.0,530,10.1962,4668,89.8038
XGBoost,ttl_mimic_L3,ttl_mimic,3,Generic,18859,5.5411,False,17805,94.4112,9,0.0477,1045,5.5411
XGBoost,ttl_mimic_L3,ttl_mimic,3,Reconnaissance,3485,95.9254,False,0,0.0,142,4.0746,3343,95.9254
XGBoost,ttl_mimic_L3,ttl_mimic,3,Shellcode,371,100.0,False,0,0.0,0,0.0,371,100.0
XGBoost,ttl_mimic_L3,ttl_mimic,3,Worms,44,100.0,True,0,0.0,0,0.0,44,100.0
Transformer,ttl_mimic_L3,ttl_mimic,3,Analysis,668,94.9102,False,0,0.0,34,5.0898,634,94.9102
Transformer,ttl_mimic_L3,ttl_mimic,3,Backdoor,583,89.8799,False,19,3.259,40,6.8611,524,89.8799
Transformer,ttl_mimic_L3,ttl_mimic,3,DoS,4087,71.2748,False,671,16.4179,503,12.3073,2913,71.2748
Transformer,ttl_mimic_L3,ttl_mimic,3,Exploits,11116,35.5883,False,4822,43.3789,2338,21.0327,3956,35.5883
Transformer,ttl_mimic_L3,ttl_mimic,3,Fuzzers,6061,72.3808,False,10,0.165,1664,27.4542,4387,72.3808
Transformer,ttl_mimic_L3,ttl_mimic,3,Generic,18869,97.2654,False,1,0.0053,515,2.7293,18353,97.2654
Transformer,ttl_mimic_L3,ttl_mimic,3,Reconnaissance,3496,50.3146,False,30,0.8581,1707,48.8272,1759,50.3146
Transformer,ttl_mimic_L3,ttl_mimic,3,Shellcode,378,34.6561,False,1,0.2646,246,65.0794,131,34.6561
Transformer,ttl_mimic_L3,ttl_mimic,3,Worms,44,13.6364,True,5,11.3636,33,75.0,6,13.6364
RandomForest,padding_L1,padding,1,Analysis,676,0.0,False,5,0.7396,671,99.2604,0,0.0
RandomForest,padding_L1,padding,1,Backdoor,583,0.0,False,170,29.1595,413,70.8405,0,0.0
RandomForest,padding_L1,padding,1,DoS,4087,0.1713,False,498,12.185,3582,87.6437,7,0.1713
RandomForest,padding_L1,padding,1,Exploits,11107,0.135,False,7308,65.7963,3784,34.0686,15,0.135
RandomForest,padding_L1,padding,1,Fuzzers,5876,0.7318,False,4474,76.1402,1359,23.128,43,0.7318
RandomForest,padding_L1,padding,1,Generic,18871,0.0,False,16975,89.9528,1896,10.0472,0,0.0
RandomForest,padding_L1,padding,1,Reconnaissance,3494,0.0572,False,454,12.9937,3038,86.9491,2,0.0572
RandomForest,padding_L1,padding,1,Shellcode,378,0.0,False,280,74.0741,98,25.9259,0,0.0
RandomForest,padding_L1,padding,1,Worms,44,0.0,True,8,18.1818,36,81.8182,0,0.0
XGBoost,padding_L1,padding,1,Analysis,655,0.3053,False,54,8.2443,599,91.4504,2,0.3053
XGBoost,padding_L1,padding,1,Backdoor,577,0.1733,False,11,1.9064,565,97.9203,1,0.1733
XGBoost,padding_L1,padding,1,DoS,4044,0.4946,False,332,8.2097,3692,91.2957,20,0.4946
XGBoost,padding_L1,padding,1,Exploits,11025,0.2177,False,8428,76.4444,2573,23.3379,24,0.2177
XGBoost,padding_L1,padding,1,Fuzzers,5198,3.9823,False,3565,68.5841,1426,27.4336,207,3.9823
XGBoost,padding_L1,padding,1,Generic,18859,0.6151,False,17481,92.6931,1262,6.6918,116,0.6151
XGBoost,padding_L1,padding,1,Reconnaissance,3485,4.9641,False,114,3.2712,3198,91.7647,173,4.9641
XGBoost,padding_L1,padding,1,Shellcode,371,0.5391,False,237,63.8814,132,35.5795,2,0.5391
XGBoost,padding_L1,padding,1,Worms,44,0.0,True,6,13.6364,38,86.3636,0,0.0
Transformer,padding_L1,padding,1,Analysis,668,0.0,False,0,0.0,668,100.0,0,0.0
Transformer,padding_L1,padding,1,Backdoor,583,0.0,False,395,67.753,188,32.247,0,0.0
Transformer,padding_L1,padding,1,DoS,4087,0.1468,False,1084,26.5231,2997,73.3301,6,0.1468
Transformer,padding_L1,padding,1,Exploits,11116,0.036,False,6324,56.891,4788,43.073,4,0.036
Transformer,padding_L1,padding,1,Fuzzers,6061,0.396,False,3692,60.914,2345,38.69,24,0.396
Transformer,padding_L1,padding,1,Generic,18869,0.0053,False,18123,96.0464,745,3.9483,1,0.0053
Transformer,padding_L1,padding,1,Reconnaissance,3496,0.0,False,803,22.9691,2693,77.0309,0,0.0
Transformer,padding_L1,padding,1,Shellcode,378,0.0,False,339,89.6825,39,10.3175,0,0.0
Transformer,padding_L1,padding,1,Worms,44,0.0,True,22,50.0,22,50.0,0,0.0
RandomForest,padding_L2,padding,2,Analysis,676,0.0,False,0,0.0,676,100.0,0,0.0
RandomForest,padding_L2,padding,2,Backdoor,583,0.0,False,136,23.3276,447,76.6724,0,0.0
RandomForest,padding_L2,padding,2,DoS,4087,0.0979,False,397,9.7137,3686,90.1884,4,0.0979
RandomForest,padding_L2,padding,2,Exploits,11107,0.081,False,7482,67.3629,3616,32.556,9,0.081
RandomForest,padding_L2,padding,2,Fuzzers,5876,0.5956,False,4433,75.4425,1408,23.9619,35,0.5956
RandomForest,padding_L2,padding,2,Generic,18871,0.0,False,17213,91.214,1658,8.786,0,0.0
RandomForest,padding_L2,padding,2,Reconnaissance,3494,0.0,False,154,4.4076,3340,95.5924,0,0.0
RandomForest,padding_L2,padding,2,Shellcode,378,0.2646,False,254,67.1958,123,32.5397,1,0.2646
RandomForest,padding_L2,padding,2,Worms,44,0.0,True,6,13.6364,38,86.3636,0,0.0
XGBoost,padding_L2,padding,2,Analysis,655,0.0,False,50,7.6336,605,92.3664,0,0.0
XGBoost,padding_L2,padding,2,Backdoor,577,0.1733,False,13,2.253,563,97.5737,1,0.1733
XGBoost,padding_L2,padding,2,DoS,4044,0.2473,False,255,6.3056,3779,93.4471,10,0.2473
XGBoost,padding_L2,padding,2,Exploits,11025,0.3084,False,8625,78.2313,2366,21.4603,34,0.3084
XGBoost,padding_L2,padding,2,Fuzzers,5198,4.6941,False,3363,64.698,1591,30.6079,244,4.6941
XGBoost,padding_L2,padding,2,Generic,18859,0.5303,False,16969,89.9783,1790,9.4915,100,0.5303
XGBoost,padding_L2,padding,2,Reconnaissance,3485,1.0043,False,21,0.6026,3429,98.3931,35,1.0043
XGBoost,padding_L2,padding,2,Shellcode,371,0.5391,False,203,54.717,166,44.7439,2,0.5391
XGBoost,padding_L2,padding,2,Worms,44,0.0,True,3,6.8182,41,93.1818,0,0.0
Transformer,padding_L2,padding,2,Analysis,668,0.0,False,0,0.0,668,100.0,0,0.0
Transformer,padding_L2,padding,2,Backdoor,583,0.0,False,401,68.7822,182,31.2178,0,0.0
Transformer,padding_L2,padding,2,DoS,4087,0.0489,False,889,21.7519,3196,78.1992,2,0.0489
Transformer,padding_L2,padding,2,Exploits,11116,0.018,False,6413,57.6916,4701,42.2904,2,0.018
Transformer,padding_L2,padding,2,Fuzzers,6061,0.0,False,3632,59.9241,2429,40.0759,0,0.0
Transformer,padding_L2,padding,2,Generic,18869,0.0053,False,18085,95.845,783,4.1497,1,0.0053
Transformer,padding_L2,padding,2,Reconnaissance,3496,0.0,False,128,3.6613,3368,96.3387,0,0.0
Transformer,padding_L2,padding,2,Shellcode,378,0.0,False,323,85.4497,55,14.5503,0,0.0
Transformer,padding_L2,padding,2,Worms,44,0.0,True,7,15.9091,37,84.0909,0,0.0
RandomForest,padding_L3,padding,3,Analysis,676,0.0,False,0,0.0,676,100.0,0,0.0
RandomForest,padding_L3,padding,3,Backdoor,583,0.0,False,168,28.8165,415,71.1835,0,0.0
RandomForest,padding_L3,padding,3,DoS,4087,0.0,False,369,9.0286,3718,90.9714,0,0.0
RandomForest,padding_L3,padding,3,Exploits,11107,0.081,False,7585,68.2903,3513,31.6287,9,0.081
RandomForest,padding_L3,padding,3,Fuzzers,5876,0.7488,False,4275,72.7536,1557,26.4976,44,0.7488
RandomForest,padding_L3,padding,3,Generic,18871,0.0,False,17844,94.5578,1027,5.4422,0,0.0
RandomForest,padding_L3,padding,3,Reconnaissance,3494,0.0286,False,174,4.98,3319,94.9914,1,0.0286
RandomForest,padding_L3,padding,3,Shellcode,378,0.5291,False,213,56.3492,163,43.1217,2,0.5291
RandomForest,padding_L3,padding,3,Worms,44,0.0,True,5,11.3636,39,88.6364,0,0.0
XGBoost,padding_L3,padding,3,Analysis,655,0.0,False,50,7.6336,605,92.3664,0,0.0
XGBoost,padding_L3,padding,3,Backdoor,577,0.0,False,14,2.4263,563,97.5737,0,0.0
XGBoost,padding_L3,padding,3,DoS,4044,0.1731,False,210,5.1929,3827,94.634,7,0.1731
XGBoost,padding_L3,padding,3,Exploits,11025,0.4535,False,8501,77.1066,2474,22.4399,50,0.4535
XGBoost,padding_L3,padding,3,Fuzzers,5198,5.0404,False,3117,59.9654,1819,34.9942,262,5.0404
XGBoost,padding_L3,padding,3,Generic,18859,0.4295,False,16322,86.5475,2456,13.023,81,0.4295
XGBoost,padding_L3,padding,3,Reconnaissance,3485,0.8895,False,8,0.2296,3446,98.8809,31,0.8895
XGBoost,padding_L3,padding,3,Shellcode,371,1.3477,False,149,40.1617,217,58.4906,5,1.3477
XGBoost,padding_L3,padding,3,Worms,44,0.0,True,1,2.2727,43,97.7273,0,0.0
Transformer,padding_L3,padding,3,Analysis,668,0.0,False,0,0.0,668,100.0,0,0.0
Transformer,padding_L3,padding,3,Backdoor,583,0.0,False,483,82.8473,100,17.1527,0,0.0
Transformer,padding_L3,padding,3,DoS,4087,0.0245,False,507,12.4052,3579,87.5703,1,0.0245
Transformer,padding_L3,padding,3,Exploits,11116,0.2609,False,6363,57.2418,4724,42.4973,29,0.2609
Transformer,padding_L3,padding,3,Fuzzers,6061,0.0,False,3681,60.7326,2380,39.2674,0,0.0
Transformer,padding_L3,padding,3,Generic,18869,0.0106,False,17943,95.0925,924,4.8969,2,0.0106
Transformer,padding_L3,padding,3,Reconnaissance,3496,0.0286,False,21,0.6007,3474,99.3707,1,0.0286
Transformer,padding_L3,padding,3,Shellcode,378,0.0,False,309,81.746,69,18.254,0,0.0
Transformer,padding_L3,padding,3,Worms,44,0.0,True,7,15.9091,37,84.0909,0,0.0
RandomForest,padding_L4,padding,4,Analysis,676,0.0,False,0,0.0,676,100.0,0,0.0
RandomForest,padding_L4,padding,4,Backdoor,583,0.0,False,108,18.5249,475,81.4751,0,0.0
RandomForest,padding_L4,padding,4,DoS,4087,0.0,False,307,7.5116,3780,92.4884,0,0.0
RandomForest,padding_L4,padding,4,Exploits,11107,0.072,False,7616,68.5694,3483,31.3586,8,0.072
RandomForest,padding_L4,padding,4,Fuzzers,5876,0.8339,False,4301,73.1961,1526,25.97,49,0.8339
RandomForest,padding_L4,padding,4,Generic,18871,0.0,False,17903,94.8704,968,5.1296,0,0.0
RandomForest,padding_L4,padding,4,Reconnaissance,3494,0.0572,False,3,0.0859,3489,99.8569,2,0.0572
RandomForest,padding_L4,padding,4,Shellcode,378,0.5291,False,149,39.418,227,60.0529,2,0.5291
RandomForest,padding_L4,padding,4,Worms,44,0.0,True,4,9.0909,40,90.9091,0,0.0
XGBoost,padding_L4,padding,4,Analysis,655,0.0,False,38,5.8015,617,94.1985,0,0.0
XGBoost,padding_L4,padding,4,Backdoor,577,0.1733,False,26,4.5061,550,95.3206,1,0.1733
XGBoost,padding_L4,padding,4,DoS,4044,0.2473,False,211,5.2176,3823,94.5351,10,0.2473
XGBoost,padding_L4,padding,4,Exploits,11025,0.4172,False,8368,75.9002,2611,23.6825,46,0.4172
XGBoost,padding_L4,padding,4,Fuzzers,5198,3.6745,False,3302,63.5244,1705,32.8011,191,3.6745
XGBoost,padding_L4,padding,4,Generic,18859,1.4529,False,17301,91.7387,1284,6.8084,274,1.4529
XGBoost,padding_L4,padding,4,Reconnaissance,3485,0.2009,False,0,0.0,3478,99.7991,7,0.2009
XGBoost,padding_L4,padding,4,Shellcode,371,0.2695,False,123,33.1536,247,66.5768,1,0.2695
XGBoost,padding_L4,padding,4,Worms,44,0.0,True,1,2.2727,43,97.7273,0,0.0
Transformer,padding_L4,padding,4,Analysis,668,0.0,False,0,0.0,668,100.0,0,0.0
Transformer,padding_L4,padding,4,Backdoor,583,0.0,False,488,83.705,95,16.295,0,0.0
Transformer,padding_L4,padding,4,DoS,4087,0.0245,False,393,9.6159,3693,90.3597,1,0.0245
Transformer,padding_L4,padding,4,Exploits,11116,0.4768,False,6868,61.7848,4195,37.7384,53,0.4768
Transformer,padding_L4,padding,4,Fuzzers,6061,0.0,False,3717,61.3265,2344,38.6735,0,0.0
Transformer,padding_L4,padding,4,Generic,18869,0.0106,False,15875,84.1327,2992,15.8567,2,0.0106
Transformer,padding_L4,padding,4,Reconnaissance,3496,0.0,False,0,0.0,3496,100.0,0,0.0
Transformer,padding_L4,padding,4,Shellcode,378,0.0,False,276,73.0159,102,26.9841,0,0.0
Transformer,padding_L4,padding,4,Worms,44,0.0,True,6,13.6364,38,86.3636,0,0.0
RandomForest,timing_L1,timing,1,Analysis,676,0.0,False,21,3.1065,655,96.8935,0,0.0
RandomForest,timing_L1,timing,1,Backdoor,583,0.0,False,381,65.3516,202,34.6484,0,0.0
RandomForest,timing_L1,timing,1,DoS,4087,0.0734,False,707,17.2988,3377,82.6278,3,0.0734
RandomForest,timing_L1,timing,1,Exploits,11107,0.108,False,7014,63.1494,4081,36.7426,12,0.108
RandomForest,timing_L1,timing,1,Fuzzers,5876,1.4295,False,4435,75.4765,1357,23.0939,84,1.4295
RandomForest,timing_L1,timing,1,Generic,18871,0.0053,False,18181,96.3436,689,3.6511,1,0.0053
RandomForest,timing_L1,timing,1,Reconnaissance,3494,0.0286,False,2912,83.3429,581,16.6285,1,0.0286
RandomForest,timing_L1,timing,1,Shellcode,378,0.5291,False,275,72.7513,101,26.7196,2,0.5291
RandomForest,timing_L1,timing,1,Worms,44,0.0,True,20,45.4545,24,54.5455,0,0.0
XGBoost,timing_L1,timing,1,Analysis,655,0.6107,False,63,9.6183,588,89.771,4,0.6107
XGBoost,timing_L1,timing,1,Backdoor,577,0.3466,False,39,6.7591,536,92.8943,2,0.3466
XGBoost,timing_L1,timing,1,DoS,4044,0.3462,False,465,11.4985,3565,88.1553,14,0.3462
XGBoost,timing_L1,timing,1,Exploits,11025,0.2268,False,9612,87.1837,1388,12.5896,25,0.2268
XGBoost,timing_L1,timing,1,Fuzzers,5198,4.1362,False,3472,66.7949,1511,29.0689,215,4.1362
XGBoost,timing_L1,timing,1,Generic,18859,0.0053,False,18340,97.248,518,2.7467,1,0.0053
XGBoost,timing_L1,timing,1,Reconnaissance,3485,0.0287,False,2798,80.2869,686,19.6844,1,0.0287
XGBoost,timing_L1,timing,1,Shellcode,371,1.0782,False,272,73.3154,95,25.6065,4,1.0782
XGBoost,timing_L1,timing,1,Worms,44,0.0,True,18,40.9091,26,59.0909,0,0.0
Transformer,timing_L1,timing,1,Analysis,668,0.5988,False,0,0.0,664,99.4012,4,0.5988
Transformer,timing_L1,timing,1,Backdoor,583,0.0,False,398,68.2676,185,31.7324,0,0.0
Transformer,timing_L1,timing,1,DoS,4087,0.1468,False,1218,29.8018,2863,70.0514,6,0.1468
Transformer,timing_L1,timing,1,Exploits,11116,0.054,False,6092,54.8039,5018,45.1421,6,0.054
Transformer,timing_L1,timing,1,Fuzzers,6061,0.0,False,3978,65.6327,2083,34.3673,0,0.0
Transformer,timing_L1,timing,1,Generic,18869,0.0,False,18146,96.1683,723,3.8317,0,0.0
Transformer,timing_L1,timing,1,Reconnaissance,3496,0.0,False,2995,85.6693,501,14.3307,0,0.0
Transformer,timing_L1,timing,1,Shellcode,378,0.0,False,315,83.3333,63,16.6667,0,0.0
Transformer,timing_L1,timing,1,Worms,44,0.0,True,23,52.2727,21,47.7273,0,0.0
RandomForest,timing_L2,timing,2,Analysis,676,0.0,False,21,3.1065,655,96.8935,0,0.0
RandomForest,timing_L2,timing,2,Backdoor,583,0.0,False,323,55.4031,260,44.5969,0,0.0
RandomForest,timing_L2,timing,2,DoS,4087,0.1468,False,788,19.2806,3293,80.5725,6,0.1468
RandomForest,timing_L2,timing,2,Exploits,11107,0.117,False,6965,62.7082,4129,37.1748,13,0.117
RandomForest,timing_L2,timing,2,Fuzzers,5876,1.4806,False,4518,76.889,1271,21.6304,87,1.4806
RandomForest,timing_L2,timing,2,Generic,18871,0.0053,False,18180,96.3383,690,3.6564,1,0.0053
RandomForest,timing_L2,timing,2,Reconnaissance,3494,0.0286,False,2908,83.2284,585,16.743,1,0.0286
RandomForest,timing_L2,timing,2,Shellcode,378,0.2646,False,245,64.8148,132,34.9206,1,0.2646
RandomForest,timing_L2,timing,2,Worms,44,0.0,True,10,22.7273,34,77.2727,0,0.0
XGBoost,timing_L2,timing,2,Analysis,655,0.916,False,63,9.6183,586,89.4656,6,0.916
XGBoost,timing_L2,timing,2,Backdoor,577,0.3466,False,39,6.7591,536,92.8943,2,0.3466
XGBoost,timing_L2,timing,2,DoS,4044,0.544,False,428,10.5836,3594,88.8724,22,0.544
XGBoost,timing_L2,timing,2,Exploits,11025,0.3628,False,9595,87.0295,1390,12.6077,40,0.3628
XGBoost,timing_L2,timing,2,Fuzzers,5198,4.0208,False,3523,67.7761,1466,28.2032,209,4.0208
XGBoost,timing_L2,timing,2,Generic,18859,0.0159,False,18330,97.195,526,2.7891,3,0.0159
XGBoost,timing_L2,timing,2,Reconnaissance,3485,0.0861,False,2803,80.4304,679,19.4835,3,0.0861
XGBoost,timing_L2,timing,2,Shellcode,371,1.0782,False,262,70.6199,105,28.3019,4,1.0782
XGBoost,timing_L2,timing,2,Worms,44,0.0,True,13,29.5455,31,70.4545,0,0.0
Transformer,timing_L2,timing,2,Analysis,668,0.5988,False,0,0.0,664,99.4012,4,0.5988
Transformer,timing_L2,timing,2,Backdoor,583,0.0,False,402,68.9537,181,31.0463,0,0.0
Transformer,timing_L2,timing,2,DoS,4087,0.1223,False,1147,28.0646,2935,71.8131,5,0.1223
Transformer,timing_L2,timing,2,Exploits,11116,0.099,False,6048,54.4081,5057,45.493,11,0.099
Transformer,timing_L2,timing,2,Fuzzers,6061,0.0,False,3944,65.0718,2117,34.9282,0,0.0
Transformer,timing_L2,timing,2,Generic,18869,0.0,False,18146,96.1683,723,3.8317,0,0.0
Transformer,timing_L2,timing,2,Reconnaissance,3496,0.0,False,2995,85.6693,501,14.3307,0,0.0
Transformer,timing_L2,timing,2,Shellcode,378,0.0,False,306,80.9524,72,19.0476,0,0.0
Transformer,timing_L2,timing,2,Worms,44,0.0,True,21,47.7273,23,52.2727,0,0.0
RandomForest,timing_L3,timing,3,Analysis,676,2.071,False,6,0.8876,656,97.0414,14,2.071
RandomForest,timing_L3,timing,3,Backdoor,583,2.4014,False,290,49.7427,279,47.8559,14,2.4014
RandomForest,timing_L3,timing,3,DoS,4087,0.3915,False,864,21.1402,3207,78.4683,16,0.3915
RandomForest,timing_L3,timing,3,Exploits,11107,0.3781,False,6778,61.0246,4287,38.5973,42,0.3781
RandomForest,timing_L3,timing,3,Fuzzers,5876,1.6508,False,4481,76.2594,1298,22.0899,97,1.6508
RandomForest,timing_L3,timing,3,Generic,18871,0.0,False,18163,96.2482,708,3.7518,0,0.0
RandomForest,timing_L3,timing,3,Reconnaissance,3494,0.0572,False,2881,82.4556,611,17.4871,2,0.0572
RandomForest,timing_L3,timing,3,Shellcode,378,0.7937,False,166,43.9153,209,55.291,3,0.7937
RandomForest,timing_L3,timing,3,Worms,44,0.0,True,1,2.2727,43,97.7273,0,0.0
XGBoost,timing_L3,timing,3,Analysis,655,1.0687,False,60,9.1603,588,89.771,7,1.0687
XGBoost,timing_L3,timing,3,Backdoor,577,0.6932,False,30,5.1993,543,94.1075,4,0.6932
XGBoost,timing_L3,timing,3,DoS,4044,0.9644,False,385,9.5203,3620,89.5153,39,0.9644
XGBoost,timing_L3,timing,3,Exploits,11025,0.7166,False,9551,86.6304,1395,12.6531,79,0.7166
XGBoost,timing_L3,timing,3,Fuzzers,5198,4.4248,False,3511,67.5452,1457,28.03,230,4.4248
XGBoost,timing_L3,timing,3,Generic,18859,0.0212,False,18347,97.2851,508,2.6937,4,0.0212
XGBoost,timing_L3,timing,3,Reconnaissance,3485,0.3156,False,2803,80.4304,671,19.2539,11,0.3156
XGBoost,timing_L3,timing,3,Shellcode,371,1.0782,False,233,62.8032,134,36.1186,4,1.0782
XGBoost,timing_L3,timing,3,Worms,44,4.5455,True,9,20.4545,33,75.0,2,4.5455
Transformer,timing_L3,timing,3,Analysis,668,0.1497,False,0,0.0,667,99.8503,1,0.1497
Transformer,timing_L3,timing,3,Backdoor,583,0.0,False,411,70.4974,172,29.5026,0,0.0
Transformer,timing_L3,timing,3,DoS,4087,0.0245,False,1046,25.5933,3040,74.3822,1,0.0245
Transformer,timing_L3,timing,3,Exploits,11116,0.081,False,5941,53.4455,5166,46.4736,9,0.081
Transformer,timing_L3,timing,3,Fuzzers,6061,0.0,False,3768,62.168,2293,37.832,0,0.0
Transformer,timing_L3,timing,3,Generic,18869,0.0,False,18119,96.0252,750,3.9748,0,0.0
Transformer,timing_L3,timing,3,Reconnaissance,3496,0.0,False,2990,85.5263,506,14.4737,0,0.0
Transformer,timing_L3,timing,3,Shellcode,378,0.0,False,281,74.3386,97,25.6614,0,0.0
Transformer,timing_L3,timing,3,Worms,44,0.0,True,18,40.9091,26,59.0909,0,0.0
RandomForest,timing_L4,timing,4,Analysis,676,5.1775,False,5,0.7396,636,94.0828,35,5.1775
RandomForest,timing_L4,timing,4,Backdoor,583,6.0034,False,235,40.3087,313,53.6878,35,6.0034
RandomForest,timing_L4,timing,4,DoS,4087,0.9053,False,936,22.9019,3114,76.1928,37,0.9053
RandomForest,timing_L4,timing,4,Exploits,11107,0.7293,False,6730,60.5924,4296,38.6783,81,0.7293
RandomForest,timing_L4,timing,4,Fuzzers,5876,2.2464,False,4430,75.3914,1314,22.3622,132,2.2464
RandomForest,timing_L4,timing,4,Generic,18871,0.0,False,18159,96.227,712,3.773,0,0.0
RandomForest,timing_L4,timing,4,Reconnaissance,3494,0.1431,False,2859,81.826,630,18.0309,5,0.1431
RandomForest,timing_L4,timing,4,Shellcode,378,0.7937,False,179,47.3545,196,51.8519,3,0.7937
RandomForest,timing_L4,timing,4,Worms,44,0.0,True,2,4.5455,42,95.4545,0,0.0
XGBoost,timing_L4,timing,4,Analysis,655,1.2214,False,58,8.855,589,89.9237,8,1.2214
XGBoost,timing_L4,timing,4,Backdoor,577,0.3466,False,33,5.7192,542,93.9341,2,0.3466
XGBoost,timing_L4,timing,4,DoS,4044,1.632,False,364,9.001,3614,89.367,66,1.632
XGBoost,timing_L4,timing,4,Exploits,11025,0.9705,False,9473,85.9229,1445,13.1066,107,0.9705
XGBoost,timing_L4,timing,4,Fuzzers,5198,5.0212,False,3466,66.6795,1471,28.2993,261,5.0212
XGBoost,timing_L4,timing,4,Generic,18859,0.0636,False,18356,97.3328,491,2.6035,12,0.0636
XGBoost,timing_L4,timing,4,Reconnaissance,3485,0.6887,False,2787,79.9713,674,19.34,24,0.6887
XGBoost,timing_L4,timing,4,Shellcode,371,4.0431,False,250,67.3854,106,28.5714,15,4.0431
XGBoost,timing_L4,timing,4,Worms,44,0.0,True,7,15.9091,37,84.0909,0,0.0
Transformer,timing_L4,timing,4,Analysis,668,0.0,False,0,0.0,668,100.0,0,0.0
Transformer,timing_L4,timing,4,Backdoor,583,0.0,False,411,70.4974,172,29.5026,0,0.0
Transformer,timing_L4,timing,4,DoS,4087,0.0734,False,974,23.8317,3110,76.0949,3,0.0734
Transformer,timing_L4,timing,4,Exploits,11116,0.081,False,5862,52.7348,5245,47.1842,9,0.081
Transformer,timing_L4,timing,4,Fuzzers,6061,0.0,False,3774,62.267,2287,37.733,0,0.0
Transformer,timing_L4,timing,4,Generic,18869,0.0,False,18113,95.9934,756,4.0066,0,0.0
Transformer,timing_L4,timing,4,Reconnaissance,3496,0.0,False,2976,85.1259,520,14.8741,0,0.0
Transformer,timing_L4,timing,4,Shellcode,378,0.0,False,279,73.8095,99,26.1905,0,0.0
Transformer,timing_L4,timing,4,Worms,44,0.0,True,18,40.9091,26,59.0909,0,0.0
RandomForest,connection_rate_L1,connection_rate,1,Analysis,676,0.0,False,43,6.3609,633,93.6391,0,0.0
RandomForest,connection_rate_L1,connection_rate,1,Backdoor,583,0.0,False,346,59.3482,237,40.6518,0,0.0
RandomForest,connection_rate_L1,connection_rate,1,DoS,4087,0.4649,False,908,22.2168,3160,77.3183,19,0.4649
RandomForest,connection_rate_L1,connection_rate,1,Exploits,11107,0.09,False,7054,63.5095,4043,36.4005,10,0.09
RandomForest,connection_rate_L1,connection_rate,1,Fuzzers,5876,1.0722,False,3648,62.083,2165,36.8448,63,1.0722
RandomForest,connection_rate_L1,connection_rate,1,Generic,18871,0.0106,False,18184,96.3595,685,3.6299,2,0.0106
RandomForest,connection_rate_L1,connection_rate,1,Reconnaissance,3494,0.0859,False,2936,84.0298,555,15.8844,3,0.0859
RandomForest,connection_rate_L1,connection_rate,1,Shellcode,378,0.0,False,310,82.0106,68,17.9894,0,0.0
RandomForest,connection_rate_L1,connection_rate,1,Worms,44,0.0,True,24,54.5455,20,45.4545,0,0.0
XGBoost,connection_rate_L1,connection_rate,1,Analysis,655,0.458,False,4,0.6107,648,98.9313,3,0.458
XGBoost,connection_rate_L1,connection_rate,1,Backdoor,577,0.0,False,34,5.8925,543,94.1075,0,0.0
XGBoost,connection_rate_L1,connection_rate,1,DoS,4044,0.1236,False,539,13.3284,3500,86.548,5,0.1236
XGBoost,connection_rate_L1,connection_rate,1,Exploits,11025,0.0726,False,10127,91.8549,890,8.0726,8,0.0726
XGBoost,connection_rate_L1,connection_rate,1,Fuzzers,5198,3.9053,False,2929,56.3486,2066,39.7461,203,3.9053
XGBoost,connection_rate_L1,connection_rate,1,Generic,18859,0.0,False,18345,97.2745,514,2.7255,0,0.0
XGBoost,connection_rate_L1,connection_rate,1,Reconnaissance,3485,0.0287,False,2828,81.1478,656,18.8235,1,0.0287
XGBoost,connection_rate_L1,connection_rate,1,Shellcode,371,0.0,False,301,81.1321,70,18.8679,0,0.0
XGBoost,connection_rate_L1,connection_rate,1,Worms,44,0.0,True,19,43.1818,25,56.8182,0,0.0
Transformer,connection_rate_L1,connection_rate,1,Analysis,668,0.0,False,0,0.0,668,100.0,0,0.0
Transformer,connection_rate_L1,connection_rate,1,Backdoor,583,0.0,False,273,46.8268,310,53.1732,0,0.0
Transformer,connection_rate_L1,connection_rate,1,DoS,4087,0.0,False,1970,48.2016,2117,51.7984,0,0.0
Transformer,connection_rate_L1,connection_rate,1,Exploits,11116,0.0,False,6139,55.2267,4977,44.7733,0,0.0
Transformer,connection_rate_L1,connection_rate,1,Fuzzers,6061,0.0,False,3506,57.8452,2555,42.1548,0,0.0
Transformer,connection_rate_L1,connection_rate,1,Generic,18869,0.0053,False,18072,95.7761,796,4.2186,1,0.0053
Transformer,connection_rate_L1,connection_rate,1,Reconnaissance,3496,0.0,False,2995,85.6693,501,14.3307,0,0.0
Transformer,connection_rate_L1,connection_rate,1,Shellcode,378,0.0,False,332,87.8307,46,12.1693,0,0.0
Transformer,connection_rate_L1,connection_rate,1,Worms,44,0.0,True,25,56.8182,19,43.1818,0,0.0
RandomForest,connection_rate_L2,connection_rate,2,Analysis,676,0.0,False,51,7.5444,625,92.4556,0,0.0
RandomForest,connection_rate_L2,connection_rate,2,Backdoor,583,0.0,False,277,47.5129,306,52.4871,0,0.0
RandomForest,connection_rate_L2,connection_rate,2,DoS,4087,0.5628,False,1339,32.7624,2725,66.6748,23,0.5628
RandomForest,connection_rate_L2,connection_rate,2,Exploits,11107,0.099,False,7066,63.6175,4030,36.2834,11,0.099
RandomForest,connection_rate_L2,connection_rate,2,Fuzzers,5876,0.919,False,3372,57.386,2450,41.695,54,0.919
RandomForest,connection_rate_L2,connection_rate,2,Generic,18871,0.0053,False,18177,96.3224,693,3.6723,1,0.0053
RandomForest,connection_rate_L2,connection_rate,2,Reconnaissance,3494,0.0286,False,2934,83.9725,559,15.9989,1,0.0286
RandomForest,connection_rate_L2,connection_rate,2,Shellcode,378,0.0,False,312,82.5397,66,17.4603,0,0.0
RandomForest,connection_rate_L2,connection_rate,2,Worms,44,0.0,True,23,52.2727,21,47.7273,0,0.0
XGBoost,connection_rate_L2,connection_rate,2,Analysis,655,0.6107,False,0,0.0,651,99.3893,4,0.6107
XGBoost,connection_rate_L2,connection_rate,2,Backdoor,577,0.0,False,34,5.8925,543,94.1075,0,0.0
XGBoost,connection_rate_L2,connection_rate,2,DoS,4044,0.1236,False,505,12.4876,3534,87.3887,5,0.1236
XGBoost,connection_rate_L2,connection_rate,2,Exploits,11025,0.0635,False,10330,93.6961,688,6.2404,7,0.0635
XGBoost,connection_rate_L2,connection_rate,2,Fuzzers,5198,4.3863,False,2809,54.04,2161,41.5737,228,4.3863
XGBoost,connection_rate_L2,connection_rate,2,Generic,18859,0.0053,False,18352,97.3116,506,2.6831,1,0.0053
XGBoost,connection_rate_L2,connection_rate,2,Reconnaissance,3485,0.0287,False,2828,81.1478,656,18.8235,1,0.0287
XGBoost,connection_rate_L2,connection_rate,2,Shellcode,371,0.2695,False,296,79.7844,74,19.9461,1,0.2695
XGBoost,connection_rate_L2,connection_rate,2,Worms,44,0.0,True,19,43.1818,25,56.8182,0,0.0
Transformer,connection_rate_L2,connection_rate,2,Analysis,668,0.0,False,0,0.0,668,100.0,0,0.0
Transformer,connection_rate_L2,connection_rate,2,Backdoor,583,0.0,False,114,19.554,469,80.446,0,0.0
Transformer,connection_rate_L2,connection_rate,2,DoS,4087,0.0,False,2630,64.3504,1457,35.6496,0,0.0
Transformer,connection_rate_L2,connection_rate,2,Exploits,11116,0.0,False,6130,55.1457,4986,44.8543,0,0.0
Transformer,connection_rate_L2,connection_rate,2,Fuzzers,6061,0.0,False,3239,53.44,2822,46.56,0,0.0
Transformer,connection_rate_L2,connection_rate,2,Generic,18869,0.0,False,17373,92.0717,1496,7.9283,0,0.0
Transformer,connection_rate_L2,connection_rate,2,Reconnaissance,3496,0.0,False,2995,85.6693,501,14.3307,0,0.0
Transformer,connection_rate_L2,connection_rate,2,Shellcode,378,0.0,False,336,88.8889,42,11.1111,0,0.0
Transformer,connection_rate_L2,connection_rate,2,Worms,44,0.0,True,25,56.8182,19,43.1818,0,0.0
RandomForest,connection_rate_L3,connection_rate,3,Analysis,676,0.0,False,28,4.142,648,95.858,0,0.0
RandomForest,connection_rate_L3,connection_rate,3,Backdoor,583,0.0,False,133,22.813,450,77.187,0,0.0
RandomForest,connection_rate_L3,connection_rate,3,DoS,4087,0.5383,False,1633,39.956,2432,59.5057,22,0.5383
RandomForest,connection_rate_L3,connection_rate,3,Exploits,11107,0.1531,False,7066,63.6175,4024,36.2294,17,0.1531
RandomForest,connection_rate_L3,connection_rate,3,Fuzzers,5876,0.919,False,2841,48.3492,2981,50.7318,54,0.919
RandomForest,connection_rate_L3,connection_rate,3,Generic,18871,0.0053,False,18157,96.2164,713,3.7783,1,0.0053
RandomForest,connection_rate_L3,connection_rate,3,Reconnaissance,3494,0.0286,False,2931,83.8867,562,16.0847,1,0.0286
RandomForest,connection_rate_L3,connection_rate,3,Shellcode,378,0.0,False,313,82.8042,65,17.1958,0,0.0
RandomForest,connection_rate_L3,connection_rate,3,Worms,44,0.0,True,24,54.5455,20,45.4545,0,0.0
XGBoost,connection_rate_L3,connection_rate,3,Analysis,655,0.7634,False,0,0.0,650,99.2366,5,0.7634
XGBoost,connection_rate_L3,connection_rate,3,Backdoor,577,0.1733,False,34,5.8925,542,93.9341,1,0.1733
XGBoost,connection_rate_L3,connection_rate,3,DoS,4044,0.1236,False,461,11.3996,3578,88.4768,5,0.1236
XGBoost,connection_rate_L3,connection_rate,3,Exploits,11025,0.0363,False,10564,95.8186,457,4.1451,4,0.0363
XGBoost,connection_rate_L3,connection_rate,3,Fuzzers,5198,3.8476,False,2613,50.2693,2385,45.883,200,3.8476
XGBoost,connection_rate_L3,connection_rate,3,Generic,18859,0.0053,False,18350,97.301,508,2.6937,1,0.0053
XGBoost,connection_rate_L3,connection_rate,3,Reconnaissance,3485,0.0,False,2826,81.0904,659,18.9096,0,0.0
XGBoost,connection_rate_L3,connection_rate,3,Shellcode,371,0.2695,False,303,81.6712,67,18.0593,1,0.2695
XGBoost,connection_rate_L3,connection_rate,3,Worms,44,0.0,True,19,43.1818,25,56.8182,0,0.0
Transformer,connection_rate_L3,connection_rate,3,Analysis,668,0.0,False,0,0.0,668,100.0,0,0.0
Transformer,connection_rate_L3,connection_rate,3,Backdoor,583,0.0,False,58,9.9485,525,90.0515,0,0.0
Transformer,connection_rate_L3,connection_rate,3,DoS,4087,0.0,False,3015,73.7705,1072,26.2295,0,0.0
Transformer,connection_rate_L3,connection_rate,3,Exploits,11116,0.0,False,6117,55.0288,4999,44.9712,0,0.0
Transformer,connection_rate_L3,connection_rate,3,Fuzzers,6061,0.0,False,2895,47.7644,3166,52.2356,0,0.0
Transformer,connection_rate_L3,connection_rate,3,Generic,18869,0.0,False,12573,66.6331,6296,33.3669,0,0.0
Transformer,connection_rate_L3,connection_rate,3,Reconnaissance,3496,0.0,False,2995,85.6693,501,14.3307,0,0.0
Transformer,connection_rate_L3,connection_rate,3,Shellcode,378,0.0,False,338,89.418,40,10.582,0,0.0
Transformer,connection_rate_L3,connection_rate,3,Worms,44,0.0,True,25,56.8182,19,43.1818,0,0.0
RandomForest,connection_rate_L4,connection_rate,4,Analysis,676,0.0,False,24,3.5503,652,96.4497,0,0.0
RandomForest,connection_rate_L4,connection_rate,4,Backdoor,583,1.0292,False,207,35.506,370,63.4648,6,1.0292
RandomForest,connection_rate_L4,connection_rate,4,DoS,4087,0.9787,False,1760,43.0634,2287,55.9579,40,0.9787
RandomForest,connection_rate_L4,connection_rate,4,Exploits,11107,0.2701,False,7065,63.6085,4012,36.1214,30,0.2701
RandomForest,connection_rate_L4,connection_rate,4,Fuzzers,5876,1.1232,False,2624,44.6562,3186,54.2206,66,1.1232
RandomForest,connection_rate_L4,connection_rate,4,Generic,18871,0.0371,False,17938,95.0559,926,4.907,7,0.0371
RandomForest,connection_rate_L4,connection_rate,4,Reconnaissance,3494,0.0286,False,2929,83.8294,564,16.142,1,0.0286
RandomForest,connection_rate_L4,connection_rate,4,Shellcode,378,0.0,False,310,82.0106,68,17.9894,0,0.0
RandomForest,connection_rate_L4,connection_rate,4,Worms,44,0.0,True,24,54.5455,20,45.4545,0,0.0
XGBoost,connection_rate_L4,connection_rate,4,Analysis,655,0.7634,False,0,0.0,650,99.2366,5,0.7634
XGBoost,connection_rate_L4,connection_rate,4,Backdoor,577,0.1733,False,34,5.8925,542,93.9341,1,0.1733
XGBoost,connection_rate_L4,connection_rate,4,DoS,4044,0.1236,False,461,11.3996,3578,88.4768,5,0.1236
XGBoost,connection_rate_L4,connection_rate,4,Exploits,11025,0.0454,False,10557,95.7551,463,4.1995,5,0.0454
XGBoost,connection_rate_L4,connection_rate,4,Fuzzers,5198,2.424,False,2489,47.8838,2583,49.6922,126,2.424
XGBoost,connection_rate_L4,connection_rate,4,Generic,18859,0.0053,False,18344,97.2692,514,2.7255,1,0.0053
XGBoost,connection_rate_L4,connection_rate,4,Reconnaissance,3485,0.0,False,2827,81.1191,658,18.8809,0,0.0
XGBoost,connection_rate_L4,connection_rate,4,Shellcode,371,0.2695,False,302,81.4016,68,18.3288,1,0.2695
XGBoost,connection_rate_L4,connection_rate,4,Worms,44,0.0,True,19,43.1818,25,56.8182,0,0.0
Transformer,connection_rate_L4,connection_rate,4,Analysis,668,0.0,False,0,0.0,668,100.0,0,0.0
Transformer,connection_rate_L4,connection_rate,4,Backdoor,583,0.0,False,58,9.9485,525,90.0515,0,0.0
Transformer,connection_rate_L4,connection_rate,4,DoS,4087,0.0,False,3017,73.8194,1070,26.1806,0,0.0
Transformer,connection_rate_L4,connection_rate,4,Exploits,11116,0.0,False,6121,55.0648,4995,44.9352,0,0.0
Transformer,connection_rate_L4,connection_rate,4,Fuzzers,6061,0.0,False,2752,45.405,3309,54.595,0,0.0
Transformer,connection_rate_L4,connection_rate,4,Generic,18869,0.0,False,7,0.0371,18862,99.9629,0,0.0
Transformer,connection_rate_L4,connection_rate,4,Reconnaissance,3496,0.0,False,2995,85.6693,501,14.3307,0,0.0
Transformer,connection_rate_L4,connection_rate,4,Shellcode,378,0.0,False,338,89.418,40,10.582,0,0.0
Transformer,connection_rate_L4,connection_rate,4,Worms,44,0.0,True,25,56.8182,19,43.1818,0,0.0
RandomForest,combined_hold_L1,combined_hold,1,Analysis,676,3.8462,False,0,0.0,650,96.1538,26,3.8462
RandomForest,combined_hold_L1,combined_hold,1,Backdoor,583,4.4597,False,139,23.8422,418,71.6981,26,4.4597
RandomForest,combined_hold_L1,combined_hold,1,DoS,4087,0.9787,False,987,24.1497,3060,74.8715,40,0.9787
RandomForest,combined_hold_L1,combined_hold,1,Exploits,11107,0.6843,False,7332,66.0124,3699,33.3033,76,0.6843
RandomForest,combined_hold_L1,combined_hold,1,Fuzzers,5876,2.9101,False,4018,68.3799,1687,28.71,171,2.9101
RandomForest,combined_hold_L1,combined_hold,1,Generic,18871,0.0053,False,10924,57.8878,7946,42.1069,1,0.0053
RandomForest,combined_hold_L1,combined_hold,1,Reconnaissance,3494,0.1431,False,158,4.522,3331,95.3349,5,0.1431
RandomForest,combined_hold_L1,combined_hold,1,Shellcode,378,0.7937,False,161,42.5926,214,56.6138,3,0.7937
RandomForest,combined_hold_L1,combined_hold,1,Worms,44,0.0,True,0,0.0,44,100.0,0,0.0
XGBoost,combined_hold_L1,combined_hold,1,Analysis,655,9.771,False,65,9.9237,526,80.3053,64,9.771
XGBoost,combined_hold_L1,combined_hold,1,Backdoor,577,11.2652,False,12,2.0797,500,86.6551,65,11.2652
XGBoost,combined_hold_L1,combined_hold,1,DoS,4044,3.0415,False,464,11.4738,3457,85.4847,123,3.0415
XGBoost,combined_hold_L1,combined_hold,1,Exploits,11025,2.0771,False,9072,82.2857,1724,15.6372,229,2.0771
XGBoost,combined_hold_L1,combined_hold,1,Fuzzers,5198,55.656,False,20,0.3848,2285,43.9592,2893,55.656
XGBoost,combined_hold_L1,combined_hold,1,Generic,18859,1.5165,False,16942,89.8351,1631,8.6484,286,1.5165
XGBoost,combined_hold_L1,combined_hold,1,Reconnaissance,3485,24.6485,False,23,0.66,2603,74.6915,859,24.6485
XGBoost,combined_hold_L1,combined_hold,1,Shellcode,371,16.1725,False,44,11.8598,267,71.9677,60,16.1725
XGBoost,combined_hold_L1,combined_hold,1,Worms,44,2.2727,True,0,0.0,43,97.7273,1,2.2727
Transformer,combined_hold_L1,combined_hold,1,Analysis,668,34.4311,False,0,0.0,438,65.5689,230,34.4311
Transformer,combined_hold_L1,combined_hold,1,Backdoor,583,33.6192,False,24,4.1166,363,62.2642,196,33.6192
Transformer,combined_hold_L1,combined_hold,1,DoS,4087,17.6902,False,2378,58.1845,986,24.1253,723,17.6902
Transformer,combined_hold_L1,combined_hold,1,Exploits,11116,7.9705,False,5903,53.1036,4327,38.9259,886,7.9705
Transformer,combined_hold_L1,combined_hold,1,Fuzzers,6061,33.7238,False,202,3.3328,3815,62.9434,2044,33.7238
Transformer,combined_hold_L1,combined_hold,1,Generic,18869,4.1603,False,1404,7.4408,16680,88.399,785,4.1603
Transformer,combined_hold_L1,combined_hold,1,Reconnaissance,3496,2.5172,False,7,0.2002,3401,97.2826,88,2.5172
Transformer,combined_hold_L1,combined_hold,1,Shellcode,378,1.8519,False,18,4.7619,353,93.3862,7,1.8519
Transformer,combined_hold_L1,combined_hold,1,Worms,44,0.0,True,7,15.9091,37,84.0909,0,0.0
RandomForest,combined_hold_L2,combined_hold,2,Analysis,676,5.3254,False,2,0.2959,638,94.3787,36,5.3254
RandomForest,combined_hold_L2,combined_hold,2,Backdoor,583,6.175,False,139,23.8422,408,69.9828,36,6.175
RandomForest,combined_hold_L2,combined_hold,2,DoS,4087,1.15,False,903,22.0944,3137,76.7556,47,1.15
RandomForest,combined_hold_L2,combined_hold,2,Exploits,11107,0.7383,False,7409,66.7057,3616,32.556,82,0.7383
RandomForest,combined_hold_L2,combined_hold,2,Fuzzers,5876,2.6208,False,4006,68.1756,1716,29.2035,154,2.6208
RandomForest,combined_hold_L2,combined_hold,2,Generic,18871,0.0053,False,10874,57.6228,7996,42.3719,1,0.0053
RandomForest,combined_hold_L2,combined_hold,2,Reconnaissance,3494,0.0859,False,12,0.3434,3479,99.5707,3,0.0859
RandomForest,combined_hold_L2,combined_hold,2,Shellcode,378,0.5291,False,126,33.3333,250,66.1376,2,0.5291
RandomForest,combined_hold_L2,combined_hold,2,Worms,44,0.0,True,0,0.0,44,100.0,0,0.0
XGBoost,combined_hold_L2,combined_hold,2,Analysis,655,0.3053,False,56,8.5496,597,91.145,2,0.3053
XGBoost,combined_hold_L2,combined_hold,2,Backdoor,577,0.1733,False,9,1.5598,567,98.2669,1,0.1733
XGBoost,combined_hold_L2,combined_hold,2,DoS,4044,0.8902,False,350,8.6548,3658,90.455,36,0.8902
XGBoost,combined_hold_L2,combined_hold,2,Exploits,11025,0.5986,False,9385,85.1247,1574,14.2766,66,0.5986
XGBoost,combined_hold_L2,combined_hold,2,Fuzzers,5198,39.9192,False,11,0.2116,3112,59.8692,2075,39.9192
XGBoost,combined_hold_L2,combined_hold,2,Generic,18859,0.0477,False,100,0.5303,18750,99.422,9,0.0477
XGBoost,combined_hold_L2,combined_hold,2,Reconnaissance,3485,2.5538,False,5,0.1435,3391,97.3027,89,2.5538
XGBoost,combined_hold_L2,combined_hold,2,Shellcode,371,2.4259,False,4,1.0782,358,96.496,9,2.4259
XGBoost,combined_hold_L2,combined_hold,2,Worms,44,0.0,True,0,0.0,44,100.0,0,0.0
Transformer,combined_hold_L2,combined_hold,2,Analysis,668,42.3653,False,0,0.0,385,57.6347,283,42.3653
Transformer,combined_hold_L2,combined_hold,2,Backdoor,583,39.9657,False,11,1.8868,339,58.1475,233,39.9657
Transformer,combined_hold_L2,combined_hold,2,DoS,4087,22.3147,False,2143,52.4345,1032,25.2508,912,22.3147
Transformer,combined_hold_L2,combined_hold,2,Exploits,11116,9.9856,False,6009,54.0572,3997,35.9572,1110,9.9856
Transformer,combined_hold_L2,combined_hold,2,Fuzzers,6061,36.2481,False,217,3.5803,3647,60.1716,2197,36.2481
Transformer,combined_hold_L2,combined_hold,2,Generic,18869,7.8754,False,199,1.0546,17184,91.07,1486,7.8754
Transformer,combined_hold_L2,combined_hold,2,Reconnaissance,3496,2.9748,False,5,0.143,3387,96.8822,104,2.9748
Transformer,combined_hold_L2,combined_hold,2,Shellcode,378,1.8519,False,19,5.0265,352,93.1217,7,1.8519
Transformer,combined_hold_L2,combined_hold,2,Worms,44,2.2727,True,0,0.0,43,97.7273,1,2.2727
RandomForest,combined_hold_L3,combined_hold,3,Analysis,676,76.4793,False,0,0.0,159,23.5207,517,76.4793
RandomForest,combined_hold_L3,combined_hold,3,Backdoor,583,81.3036,False,27,4.6312,82,14.0652,474,81.3036
RandomForest,combined_hold_L3,combined_hold,3,DoS,4087,37.3379,False,529,12.9435,2032,49.7186,1526,37.3379
RandomForest,combined_hold_L3,combined_hold,3,Exploits,11107,18.1237,False,7256,65.3282,1838,16.5481,2013,18.1237
RandomForest,combined_hold_L3,combined_hold,3,Fuzzers,5876,37.7808,False,2793,47.5323,863,14.6869,2220,37.7808
RandomForest,combined_hold_L3,combined_hold,3,Generic,18871,0.3974,False,12577,66.6472,6219,32.9553,75,0.3974
RandomForest,combined_hold_L3,combined_hold,3,Reconnaissance,3494,15.7985,False,7,0.2003,2935,84.0011,552,15.7985
RandomForest,combined_hold_L3,combined_hold,3,Shellcode,378,12.6984,False,91,24.0741,239,63.2275,48,12.6984
RandomForest,combined_hold_L3,combined_hold,3,Worms,44,4.5455,True,0,0.0,42,95.4545,2,4.5455
XGBoost,combined_hold_L3,combined_hold,3,Analysis,655,85.9542,False,78,11.9084,14,2.1374,563,85.9542
XGBoost,combined_hold_L3,combined_hold,3,Backdoor,577,86.1352,False,4,0.6932,76,13.1716,497,86.1352
XGBoost,combined_hold_L3,combined_hold,3,DoS,4044,80.4649,False,0,0.0,790,19.5351,3254,80.4649
XGBoost,combined_hold_L3,combined_hold,3,Exploits,11025,92.9615,False,4,0.0363,772,7.0023,10249,92.9615
XGBoost,combined_hold_L3,combined_hold,3,Fuzzers,5198,95.2289,False,0,0.0,248,4.7711,4950,95.2289
XGBoost,combined_hold_L3,combined_hold,3,Generic,18859,99.9947,False,0,0.0,1,0.0053,18858,99.9947
XGBoost,combined_hold_L3,combined_hold,3,Reconnaissance,3485,97.4749,False,0,0.0,88,2.5251,3397,97.4749
XGBoost,combined_hold_L3,combined_hold,3,Shellcode,371,100.0,False,0,0.0,0,0.0,371,100.0
XGBoost,combined_hold_L3,combined_hold,3,Worms,44,100.0,True,0,0.0,0,0.0,44,100.0
Transformer,combined_hold_L3,combined_hold,3,Analysis,668,69.012,False,0,0.0,207,30.988,461,69.012
Transformer,combined_hold_L3,combined_hold,3,Backdoor,583,66.2093,False,0,0.0,197,33.7907,386,66.2093
Transformer,combined_hold_L3,combined_hold,3,DoS,4087,39.8336,False,1087,26.5965,1372,33.5699,1628,39.8336
Transformer,combined_hold_L3,combined_hold,3,Exploits,11116,17.8571,False,6589,59.2749,2542,22.8679,1985,17.8571
Transformer,combined_hold_L3,combined_hold,3,Fuzzers,6061,41.4618,False,180,2.9698,3368,55.5684,2513,41.4618
Transformer,combined_hold_L3,combined_hold,3,Generic,18869,26.3342,False,20,0.106,13880,73.5598,4969,26.3342
Transformer,combined_hold_L3,combined_hold,3,Reconnaissance,3496,5.635,False,0,0.0,3299,94.365,197,5.635
Transformer,combined_hold_L3,combined_hold,3,Shellcode,378,2.1164,False,46,12.1693,324,85.7143,8,2.1164
Transformer,combined_hold_L3,combined_hold,3,Worms,44,2.2727,True,0,0.0,43,97.7273,1,2.2727
RandomForest,combined_hold_L4,combined_hold,4,Analysis,676,87.8698,False,0,0.0,82,12.1302,594,87.8698
RandomForest,combined_hold_L4,combined_hold,4,Backdoor,583,86.7925,False,15,2.5729,62,10.6346,506,86.7925
RandomForest,combined_hold_L4,combined_hold,4,DoS,4087,61.8547,False,261,6.3861,1298,31.7592,2528,61.8547
RandomForest,combined_hold_L4,combined_hold,4,Exploits,11107,26.7399,False,7224,65.0401,913,8.22,2970,26.7399
RandomForest,combined_hold_L4,combined_hold,4,Fuzzers,5876,49.0129,False,2236,38.0531,760,12.934,2880,49.0129
RandomForest,combined_hold_L4,combined_hold,4,Generic,18871,17.2911,False,11610,61.523,3998,21.1859,3263,17.2911
RandomForest,combined_hold_L4,combined_hold,4,Reconnaissance,3494,36.9491,False,0,0.0,2203,63.0509,1291,36.9491
RandomForest,combined_hold_L4,combined_hold,4,Shellcode,378,23.545,False,58,15.3439,231,61.1111,89,23.545
RandomForest,combined_hold_L4,combined_hold,4,Worms,44,6.8182,True,0,0.0,41,93.1818,3,6.8182
XGBoost,combined_hold_L4,combined_hold,4,Analysis,655,89.4656,False,63,9.6183,6,0.916,586,89.4656
XGBoost,combined_hold_L4,combined_hold,4,Backdoor,577,88.9081,False,2,0.3466,62,10.7452,513,88.9081
XGBoost,combined_hold_L4,combined_hold,4,DoS,4044,85.361,False,0,0.0,592,14.639,3452,85.361
XGBoost,combined_hold_L4,combined_hold,4,Exploits,11025,94.6485,False,0,0.0,590,5.3515,10435,94.6485
XGBoost,combined_hold_L4,combined_hold,4,Fuzzers,5198,96.2678,False,0,0.0,194,3.7322,5004,96.2678
XGBoost,combined_hold_L4,combined_hold,4,Generic,18859,100.0,False,0,0.0,0,0.0,18859,100.0
XGBoost,combined_hold_L4,combined_hold,4,Reconnaissance,3485,98.1062,False,0,0.0,66,1.8938,3419,98.1062
XGBoost,combined_hold_L4,combined_hold,4,Shellcode,371,100.0,False,0,0.0,0,0.0,371,100.0
XGBoost,combined_hold_L4,combined_hold,4,Worms,44,100.0,True,0,0.0,0,0.0,44,100.0
Transformer,combined_hold_L4,combined_hold,4,Analysis,668,78.8922,False,0,0.0,141,21.1078,527,78.8922
Transformer,combined_hold_L4,combined_hold,4,Backdoor,583,75.8148,False,0,0.0,141,24.1852,442,75.8148
Transformer,combined_hold_L4,combined_hold,4,DoS,4087,49.3271,False,495,12.1116,1576,38.5613,2016,49.3271
Transformer,combined_hold_L4,combined_hold,4,Exploits,11116,22.0493,False,7641,68.7388,1024,9.2119,2451,22.0493
Transformer,combined_hold_L4,combined_hold,4,Fuzzers,6061,43.0457,False,203,3.3493,3249,53.605,2609,43.0457
Transformer,combined_hold_L4,combined_hold,4,Generic,18869,29.7737,False,160,0.848,13091,69.3783,5618,29.7737
Transformer,combined_hold_L4,combined_hold,4,Reconnaissance,3496,7.5229,False,0,0.0,3233,92.4771,263,7.5229
Transformer,combined_hold_L4,combined_hold,4,Shellcode,378,2.381,False,38,10.0529,331,87.5661,9,2.381
Transformer,combined_hold_L4,combined_hold,4,Worms,44,0.0,True,0,0.0,44,100.0,0,0.0
RandomForest,combined_mimic_L1,combined_mimic,1,Analysis,676,54.7337,False,0,0.0,306,45.2663,370,54.7337
RandomForest,combined_mimic_L1,combined_mimic,1,Backdoor,583,58.319,False,79,13.5506,164,28.1304,340,58.319
RandomForest,combined_mimic_L1,combined_mimic,1,DoS,4087,21.3115,False,783,19.1583,2433,59.5302,871,21.3115
RandomForest,combined_mimic_L1,combined_mimic,1,Exploits,11107,10.795,False,7360,66.2645,2548,22.9405,1199,10.795
RandomForest,combined_mimic_L1,combined_mimic,1,Fuzzers,5876,24.4214,False,3143,53.4888,1298,22.0899,1435,24.4214
RandomForest,combined_mimic_L1,combined_mimic,1,Generic,18871,0.6624,False,10789,57.1724,7957,42.1652,125,0.6624
RandomForest,combined_mimic_L1,combined_mimic,1,Reconnaissance,3494,3.7207,False,167,4.7796,3197,91.4997,130,3.7207
RandomForest,combined_mimic_L1,combined_mimic,1,Shellcode,378,1.5873,False,140,37.037,232,61.3757,6,1.5873
RandomForest,combined_mimic_L1,combined_mimic,1,Worms,44,2.2727,True,0,0.0,43,97.7273,1,2.2727
XGBoost,combined_mimic_L1,combined_mimic,1,Analysis,655,46.8702,False,67,10.229,281,42.9008,307,46.8702
XGBoost,combined_mimic_L1,combined_mimic,1,Backdoor,577,41.7678,False,6,1.0399,330,57.1924,241,41.7678
XGBoost,combined_mimic_L1,combined_mimic,1,DoS,4044,23.5905,False,429,10.6083,2661,65.8012,954,23.5905
XGBoost,combined_mimic_L1,combined_mimic,1,Exploits,11025,11.7642,False,8161,74.0227,1567,14.2132,1297,11.7642
XGBoost,combined_mimic_L1,combined_mimic,1,Fuzzers,5198,67.4105,False,12,0.2309,1682,32.3586,3504,67.4105
XGBoost,combined_mimic_L1,combined_mimic,1,Generic,18859,64.3565,False,6165,32.69,557,2.9535,12137,64.3565
XGBoost,combined_mimic_L1,combined_mimic,1,Reconnaissance,3485,60.4304,False,6,0.1722,1373,39.3974,2106,60.4304
XGBoost,combined_mimic_L1,combined_mimic,1,Shellcode,371,42.5876,False,6,1.6173,207,55.7951,158,42.5876
XGBoost,combined_mimic_L1,combined_mimic,1,Worms,44,2.2727,True,0,0.0,43,97.7273,1,2.2727
Transformer,combined_mimic_L1,combined_mimic,1,Analysis,668,94.3114,False,0,0.0,38,5.6886,630,94.3114
Transformer,combined_mimic_L1,combined_mimic,1,Backdoor,583,89.8799,False,12,2.0583,47,8.0617,524,89.8799
Transformer,combined_mimic_L1,combined_mimic,1,DoS,4087,73.1099,False,538,13.1637,561,13.7264,2988,73.1099
Transformer,combined_mimic_L1,combined_mimic,1,Exploits,11116,35.0936,False,4977,44.7733,2238,20.1331,3901,35.0936
Transformer,combined_mimic_L1,combined_mimic,1,Fuzzers,6061,71.3744,False,45,0.7425,1690,27.8832,4326,71.3744
Transformer,combined_mimic_L1,combined_mimic,1,Generic,18869,96.7725,False,0,0.0,609,3.2275,18260,96.7725
Transformer,combined_mimic_L1,combined_mimic,1,Reconnaissance,3496,30.2346,False,3,0.0858,2436,69.6796,1057,30.2346
Transformer,combined_mimic_L1,combined_mimic,1,Shellcode,378,34.3915,False,4,1.0582,244,64.5503,130,34.3915
Transformer,combined_mimic_L1,combined_mimic,1,Worms,44,18.1818,True,9,20.4545,27,61.3636,8,18.1818
RandomForest,combined_mimic_L2,combined_mimic,2,Analysis,676,5.3254,False,2,0.2959,638,94.3787,36,5.3254
RandomForest,combined_mimic_L2,combined_mimic,2,Backdoor,583,6.175,False,139,23.8422,408,69.9828,36,6.175
RandomForest,combined_mimic_L2,combined_mimic,2,DoS,4087,1.2479,False,907,22.1923,3129,76.5598,51,1.2479
RandomForest,combined_mimic_L2,combined_mimic,2,Exploits,11107,0.7563,False,7421,66.8137,3602,32.43,84,0.7563
RandomForest,combined_mimic_L2,combined_mimic,2,Fuzzers,5876,2.6038,False,4007,68.1926,1716,29.2035,153,2.6038
RandomForest,combined_mimic_L2,combined_mimic,2,Generic,18871,0.0053,False,10874,57.6228,7996,42.3719,1,0.0053
RandomForest,combined_mimic_L2,combined_mimic,2,Reconnaissance,3494,0.1145,False,12,0.3434,3478,99.5421,4,0.1145
RandomForest,combined_mimic_L2,combined_mimic,2,Shellcode,378,0.5291,False,126,33.3333,250,66.1376,2,0.5291
RandomForest,combined_mimic_L2,combined_mimic,2,Worms,44,0.0,True,0,0.0,44,100.0,0,0.0
XGBoost,combined_mimic_L2,combined_mimic,2,Analysis,655,0.3053,False,56,8.5496,597,91.145,2,0.3053
XGBoost,combined_mimic_L2,combined_mimic,2,Backdoor,577,0.1733,False,9,1.5598,567,98.2669,1,0.1733
XGBoost,combined_mimic_L2,combined_mimic,2,DoS,4044,0.7913,False,350,8.6548,3662,90.5539,32,0.7913
XGBoost,combined_mimic_L2,combined_mimic,2,Exploits,11025,0.5986,False,9385,85.1247,1574,14.2766,66,0.5986
XGBoost,combined_mimic_L2,combined_mimic,2,Fuzzers,5198,39.8615,False,11,0.2116,3115,59.9269,2072,39.8615
XGBoost,combined_mimic_L2,combined_mimic,2,Generic,18859,0.0477,False,100,0.5303,18750,99.422,9,0.0477
XGBoost,combined_mimic_L2,combined_mimic,2,Reconnaissance,3485,2.5538,False,5,0.1435,3391,97.3027,89,2.5538
XGBoost,combined_mimic_L2,combined_mimic,2,Shellcode,371,2.4259,False,4,1.0782,358,96.496,9,2.4259
XGBoost,combined_mimic_L2,combined_mimic,2,Worms,44,0.0,True,0,0.0,44,100.0,0,0.0
Transformer,combined_mimic_L2,combined_mimic,2,Analysis,668,42.3653,False,0,0.0,385,57.6347,283,42.3653
Transformer,combined_mimic_L2,combined_mimic,2,Backdoor,583,40.6518,False,11,1.8868,335,57.4614,237,40.6518
Transformer,combined_mimic_L2,combined_mimic,2,DoS,4087,21.5072,False,2145,52.4835,1063,26.0093,879,21.5072
Transformer,combined_mimic_L2,combined_mimic,2,Exploits,11116,9.7067,False,6046,54.3901,3991,35.9032,1079,9.7067
Transformer,combined_mimic_L2,combined_mimic,2,Fuzzers,6061,36.1162,False,217,3.5803,3655,60.3036,2189,36.1162
Transformer,combined_mimic_L2,combined_mimic,2,Generic,18869,7.9442,False,199,1.0546,17171,91.0011,1499,7.9442
Transformer,combined_mimic_L2,combined_mimic,2,Reconnaissance,3496,2.8318,False,5,0.143,3392,97.0252,99,2.8318
Transformer,combined_mimic_L2,combined_mimic,2,Shellcode,378,1.8519,False,19,5.0265,352,93.1217,7,1.8519
Transformer,combined_mimic_L2,combined_mimic,2,Worms,44,2.2727,True,0,0.0,43,97.7273,1,2.2727
RandomForest,combined_mimic_L3,combined_mimic,3,Analysis,676,97.3373,False,0,0.0,18,2.6627,658,97.3373
RandomForest,combined_mimic_L3,combined_mimic,3,Backdoor,583,92.2813,False,3,0.5146,42,7.2041,538,92.2813
RandomForest,combined_mimic_L3,combined_mimic,3,DoS,4087,77.1226,False,112,2.7404,823,20.137,3152,77.1226
RandomForest,combined_mimic_L3,combined_mimic,3,Exploits,11107,41.8295,False,6242,56.1988,219,1.9717,4646,41.8295
RandomForest,combined_mimic_L3,combined_mimic,3,Fuzzers,5876,89.3635,False,409,6.9605,216,3.676,5251,89.3635
RandomForest,combined_mimic_L3,combined_mimic,3,Generic,18871,69.0318,False,5113,27.0945,731,3.8737,13027,69.0318
RandomForest,combined_mimic_L3,combined_mimic,3,Reconnaissance,3494,69.4333,False,0,0.0,1068,30.5667,2426,69.4333
RandomForest,combined_mimic_L3,combined_mimic,3,Shellcode,378,62.4339,False,46,12.1693,96,25.3968,236,62.4339
RandomForest,combined_mimic_L3,combined_mimic,3,Worms,44,18.1818,True,0,0.0,36,81.8182,8,18.1818
XGBoost,combined_mimic_L3,combined_mimic,3,Analysis,655,90.0763,False,56,8.5496,9,1.374,590,90.0763
XGBoost,combined_mimic_L3,combined_mimic,3,Backdoor,577,89.948,False,2,0.3466,56,9.7054,519,89.948
XGBoost,combined_mimic_L3,combined_mimic,3,DoS,4044,83.5806,False,0,0.0,664,16.4194,3380,83.5806
XGBoost,combined_mimic_L3,combined_mimic,3,Exploits,11025,94.1859,False,0,0.0,641,5.8141,10384,94.1859
XGBoost,combined_mimic_L3,combined_mimic,3,Fuzzers,5198,96.3255,False,0,0.0,191,3.6745,5007,96.3255
XGBoost,combined_mimic_L3,combined_mimic,3,Generic,18859,99.9947,False,0,0.0,1,0.0053,18858,99.9947
XGBoost,combined_mimic_L3,combined_mimic,3,Reconnaissance,3485,97.8479,False,0,0.0,75,2.1521,3410,97.8479
XGBoost,combined_mimic_L3,combined_mimic,3,Shellcode,371,100.0,False,0,0.0,0,0.0,371,100.0
XGBoost,combined_mimic_L3,combined_mimic,3,Worms,44,100.0,True,0,0.0,0,0.0,44,100.0
Transformer,combined_mimic_L3,combined_mimic,3,Analysis,668,93.4132,False,0,0.0,44,6.5868,624,93.4132
Transformer,combined_mimic_L3,combined_mimic,3,Backdoor,583,92.1098,False,0,0.0,46,7.8902,537,92.1098
Transformer,combined_mimic_L3,combined_mimic,3,DoS,4087,79.2023,False,199,4.8691,651,15.9286,3237,79.2023
Transformer,combined_mimic_L3,combined_mimic,3,Exploits,11116,43.0461,False,4801,43.19,1530,13.7639,4785,43.0461
Transformer,combined_mimic_L3,combined_mimic,3,Fuzzers,6061,75.4991,False,45,0.7425,1440,23.7585,4576,75.4991
Transformer,combined_mimic_L3,combined_mimic,3,Generic,18869,97.525,False,13,0.0689,454,2.4061,18402,97.525
Transformer,combined_mimic_L3,combined_mimic,3,Reconnaissance,3496,50.7723,False,0,0.0,1721,49.2277,1775,50.7723
Transformer,combined_mimic_L3,combined_mimic,3,Shellcode,378,57.4074,False,11,2.9101,150,39.6825,217,57.4074
Transformer,combined_mimic_L3,combined_mimic,3,Worms,44,56.8182,True,0,0.0,19,43.1818,25,56.8182
RandomForest,combined_mimic_L4,combined_mimic,4,Analysis,676,97.7811,False,0,0.0,15,2.2189,661,97.7811
RandomForest,combined_mimic_L4,combined_mimic,4,Backdoor,583,93.3105,False,0,0.0,39,6.6895,544,93.3105
RandomForest,combined_mimic_L4,combined_mimic,4,DoS,4087,80.8417,False,64,1.5659,719,17.5924,3304,80.8417
RandomForest,combined_mimic_L4,combined_mimic,4,Exploits,11107,44.9536,False,5991,53.939,123,1.1074,4993,44.9536
RandomForest,combined_mimic_L4,combined_mimic,4,Fuzzers,5876,91.4568,False,278,4.7311,224,3.8121,5374,91.4568
RandomForest,combined_mimic_L4,combined_mimic,4,Generic,18871,86.413,False,2196,11.6369,368,1.9501,16307,86.413
RandomForest,combined_mimic_L4,combined_mimic,4,Reconnaissance,3494,78.1912,False,0,0.0,762,21.8088,2732,78.1912
RandomForest,combined_mimic_L4,combined_mimic,4,Shellcode,378,83.3333,False,14,3.7037,49,12.963,315,83.3333
RandomForest,combined_mimic_L4,combined_mimic,4,Worms,44,22.7273,True,0,0.0,34,77.2727,10,22.7273
XGBoost,combined_mimic_L4,combined_mimic,4,Analysis,655,91.145,False,54,8.2443,4,0.6107,597,91.145
XGBoost,combined_mimic_L4,combined_mimic,4,Backdoor,577,90.2946,False,2,0.3466,54,9.3588,521,90.2946
XGBoost,combined_mimic_L4,combined_mimic,4,DoS,4044,87.3393,False,0,0.0,512,12.6607,3532,87.3393
XGBoost,combined_mimic_L4,combined_mimic,4,Exploits,11025,95.3651,False,0,0.0,511,4.6349,10514,95.3651
XGBoost,combined_mimic_L4,combined_mimic,4,Fuzzers,5198,96.7487,False,0,0.0,169,3.2513,5029,96.7487
XGBoost,combined_mimic_L4,combined_mimic,4,Generic,18859,100.0,False,0,0.0,0,0.0,18859,100.0
XGBoost,combined_mimic_L4,combined_mimic,4,Reconnaissance,3485,98.3644,False,0,0.0,57,1.6356,3428,98.3644
XGBoost,combined_mimic_L4,combined_mimic,4,Shellcode,371,100.0,False,0,0.0,0,0.0,371,100.0
XGBoost,combined_mimic_L4,combined_mimic,4,Worms,44,100.0,True,0,0.0,0,0.0,44,100.0
Transformer,combined_mimic_L4,combined_mimic,4,Analysis,668,92.6647,False,0,0.0,49,7.3353,619,92.6647
Transformer,combined_mimic_L4,combined_mimic,4,Backdoor,583,92.6244,False,0,0.0,43,7.3756,540,92.6244
Transformer,combined_mimic_L4,combined_mimic,4,DoS,4087,79.3002,False,165,4.0372,681,16.6626,3241,79.3002
Transformer,combined_mimic_L4,combined_mimic,4,Exploits,11116,43.7837,False,5434,48.8845,815,7.3318,4867,43.7837
Transformer,combined_mimic_L4,combined_mimic,4,Fuzzers,6061,76.687,False,54,0.8909,1359,22.422,4648,76.687
Transformer,combined_mimic_L4,combined_mimic,4,Generic,18869,97.419,False,25,0.1325,462,2.4485,18382,97.419
Transformer,combined_mimic_L4,combined_mimic,4,Reconnaissance,3496,60.2975,False,0,0.0,1388,39.7025,2108,60.2975
Transformer,combined_mimic_L4,combined_mimic,4,Shellcode,378,69.3122,False,9,2.381,107,28.3069,262,69.3122
Transformer,combined_mimic_L4,combined_mimic,4,Worms,44,36.3636,True,0,0.0,28,63.6364,16,36.3636
RandomForest,ttl_both_L1,ttl_both,1,Analysis,676,66.4201,False,0,0.0,227,33.5799,449,66.4201
RandomForest,ttl_both_L1,ttl_both,1,Backdoor,583,76.8439,False,93,15.952,42,7.2041,448,76.8439
RandomForest,ttl_both_L1,ttl_both,1,DoS,4087,39.3198,False,316,7.7318,2164,52.9484,1607,39.3198
RandomForest,ttl_both_L1,ttl_both,1,Exploits,11107,56.694,False,2532,22.7964,2278,20.5096,6297,56.694
RandomForest,ttl_both_L1,ttl_both,1,Fuzzers,5876,80.4459,False,684,11.6406,465,7.9135,4727,80.4459
RandomForest,ttl_both_L1,ttl_both,1,Generic,18871,3.2802,False,18099,95.9091,153,0.8108,619,3.2802
RandomForest,ttl_both_L1,ttl_both,1,Reconnaissance,3494,14.6537,False,2633,75.3578,349,9.9886,512,14.6537
RandomForest,ttl_both_L1,ttl_both,1,Shellcode,378,56.8783,False,93,24.6032,70,18.5185,215,56.8783
RandomForest,ttl_both_L1,ttl_both,1,Worms,44,50.0,True,1,2.2727,21,47.7273,22,50.0
XGBoost,ttl_both_L1,ttl_both,1,Analysis,655,63.8168,False,191,29.1603,46,7.0229,418,63.8168
XGBoost,ttl_both_L1,ttl_both,1,Backdoor,577,66.3778,False,4,0.6932,190,32.9289,383,66.3778
XGBoost,ttl_both_L1,ttl_both,1,DoS,4044,66.4936,False,2,0.0495,1353,33.457,2689,66.4936
XGBoost,ttl_both_L1,ttl_both,1,Exploits,11025,87.4649,False,16,0.1451,1366,12.39,9643,87.4649
XGBoost,ttl_both_L1,ttl_both,1,Fuzzers,5198,89.8038,False,0,0.0,530,10.1962,4668,89.8038
XGBoost,ttl_both_L1,ttl_both,1,Generic,18859,5.5411,False,17805,94.4112,9,0.0477,1045,5.5411
XGBoost,ttl_both_L1,ttl_both,1,Reconnaissance,3485,95.9254,False,0,0.0,142,4.0746,3343,95.9254
XGBoost,ttl_both_L1,ttl_both,1,Shellcode,371,100.0,False,0,0.0,0,0.0,371,100.0
XGBoost,ttl_both_L1,ttl_both,1,Worms,44,100.0,True,0,0.0,0,0.0,44,100.0
Transformer,ttl_both_L1,ttl_both,1,Analysis,668,97.3054,False,0,0.0,18,2.6946,650,97.3054
Transformer,ttl_both_L1,ttl_both,1,Backdoor,583,98.1132,False,0,0.0,11,1.8868,572,98.1132
Transformer,ttl_both_L1,ttl_both,1,DoS,4087,92.8554,False,287,7.0223,5,0.1223,3795,92.8554
Transformer,ttl_both_L1,ttl_both,1,Exploits,11116,96.9144,False,41,0.3688,302,2.7168,10773,96.9144
Transformer,ttl_both_L1,ttl_both,1,Fuzzers,6061,97.6077,False,0,0.0,145,2.3923,5916,97.6077
Transformer,ttl_both_L1,ttl_both,1,Generic,18869,99.5283,False,0,0.0,89,0.4717,18780,99.5283
Transformer,ttl_both_L1,ttl_both,1,Reconnaissance,3496,85.8982,False,0,0.0,493,14.1018,3003,85.8982
Transformer,ttl_both_L1,ttl_both,1,Shellcode,378,81.4815,False,0,0.0,70,18.5185,308,81.4815
Transformer,ttl_both_L1,ttl_both,1,Worms,44,93.1818,True,0,0.0,3,6.8182,41,93.1818
