model,type,1,2,3,4
RandomForest,combined_hold,0.771,0.8,16.462,31.306
RandomForest,combined_mimic,9.923,0.814,66.367,75.893
RandomForest,connection_rate,0.215,0.2,0.211,0.332
RandomForest,padding,0.148,0.109,0.124,0.135
RandomForest,timing,0.228,0.242,0.417,0.727
RandomForest,ttl_hold,0.492,0.488,4.435,
RandomForest,ttl_mimic,4.457,0.496,18.421,
Transformer,combined_hold,5.017,7.119,12.708,17.42
Transformer,combined_mimic,46.162,7.348,66.895,71.02
Transformer,connection_rate,0.0,0.002,0.0,0.0
Transformer,padding,0.104,0.011,0.024,0.073
Transformer,timing,0.011,0.018,0.018,0.022
Transformer,ttl_hold,3.174,3.207,4.039,
Transformer,ttl_mimic,36.977,3.468,43.151,
XGBoost,combined_hold,10.348,5.167,95.312,96.441
XGBoost,combined_mimic,46.782,5.152,96.17,96.92
XGBoost,connection_rate,0.497,0.558,0.49,0.325
XGBoost,padding,1.231,0.962,0.985,1.198
XGBoost,timing,0.601,0.653,0.859,1.118
XGBoost,ttl_hold,7.587,6.514,50.21,
XGBoost,ttl_mimic,8.74,6.51,51.073,
