n_eligible,n_correct,pct_correct,n_misclassified_attack,pct_misclassified_attack,n_evaded,pct_evaded,evasion_rate,mean_p_normal_clean,mean_p_normal_perturbed,mean_p_normal_shift,mean_p_true_clean,mean_p_true_perturbed,mean_p_true_shift,model,variant,type,level,realizable
45116,33812,74.9446,11304,25.0554,0,0.0,0.0,0.027444003693007687,0.027444003693007687,4.071838099601004e-19,0.684174272389488,0.684174272389488,4.6308266752413065e-18,RandomForest,identity_L0,identity,0,True
44258,35085,79.2738,9173,20.7262,0,0.0,0.0,0.02193917879483903,0.021939177066087723,-4.253862291391246e-12,0.7495671616373536,0.7495671510696411,1.4261166989129185e-10,XGBoost,identity_L0,identity,0,True
45304,32617,71.9959,12687,28.0041,0,0.0,0.0,0.013046345652883585,0.013046345673501492,-3.11816844613339e-11,0.6936667114946247,0.6936666965484619,1.7635145192585812e-10,Transformer,identity_L0,identity,0,True
45116,33302,73.8142,11592,25.6938,222,0.4921,0.4921,0.027444003693007687,0.040098639006225324,0.012654635313217637,0.684174272389488,0.5882668331750597,-0.09590743921442829,RandomForest,ttl_hold_L1,ttl_hold,1,True
44258,30730,69.4338,10170,22.9789,3358,7.5873,7.5873,0.02193917879483903,0.07311516255140305,0.05117598674583361,0.7495671616373536,0.6689403057098389,-0.08062681520061048,XGBoost,ttl_hold_L1,ttl_hold,1,True
45304,18239,40.2591,25627,56.5667,1438,3.1741,3.1741,0.013046345652883585,0.03866171836853027,0.025615372588808114,0.6936667114946247,0.35312339663505554,-0.3405433128353422,Transformer,ttl_hold_L1,ttl_hold,1,True
45116,33294,73.7964,11602,25.7159,220,0.4876,0.4876,0.027444003693007687,0.039758271684956485,0.012314267991948794,0.684174272389488,0.5873985071339458,-0.09677576525554213,RandomForest,ttl_hold_L2,ttl_hold,2,True
44258,31072,70.2065,10303,23.2794,2883,6.5141,6.5141,0.02193917879483903,0.05856896936893463,0.03662979079528955,0.7495671616373536,0.6794571876525879,-0.07010998637446686,XGBoost,ttl_hold_L2,ttl_hold,2,True
45304,18000,39.7316,25851,57.0612,1453,3.2072,3.2072,0.013046345652883585,0.03916306421160698,0.026116718538192717,0.6936667114946247,0.3499293327331543,-0.34373737825685424,Transformer,ttl_hold_L2,ttl_hold,2,True
45116,32496,72.0277,10619,23.5371,2001,4.4352,4.4352,0.027444003693007687,0.1402050008345456,0.11276099714153791,0.684174272389488,0.5250534488637482,-0.15912082352573984,RandomForest,ttl_hold_L3,ttl_hold,3,True
44258,18195,41.1112,3841,8.6787,22222,50.2101,50.2101,0.02193917879483903,0.5064579844474792,0.48451871948168657,0.7495671616373536,0.40507620573043823,-0.3444909479724368,XGBoost,ttl_hold_L3,ttl_hold,3,True
45304,14850,32.7786,28624,63.1821,1830,4.0394,4.0394,0.013046345652883585,0.04584819823503494,0.03280185180899566,0.6936667114946247,0.32102158665657043,-0.37264509785441463,Transformer,ttl_hold_L3,ttl_hold,3,True
45116,32609,72.2781,10496,23.2645,2011,4.4574,4.4574,0.027444003693007687,0.1488351379373317,0.12139113424432403,0.684174272389488,0.5143912171425128,-0.1697830552469752,RandomForest,ttl_mimic_L1,ttl_mimic,1,True
44258,30480,68.8689,9910,22.3914,3868,8.7397,8.7397,0.02193917879483903,0.09413953125476837,0.07220034746197118,0.7495671616373536,0.6572595238685608,-0.09230762753893815,XGBoost,ttl_mimic_L1,ttl_mimic,1,True
45304,6216,13.7206,22336,49.3025,16752,36.9769,36.9769,0.013046345652883585,0.3784339129924774,0.36538755632962244,0.6936667114946247,0.15737377107143402,-0.5362929515605073,Transformer,ttl_mimic_L1,ttl_mimic,1,True
45116,33290,73.7876,11602,25.7159,224,0.4965,0.4965,0.027444003693007687,0.039811135414010476,0.01236713172100279,0.684174272389488,0.5874480463158783,-0.09672622607360964,RandomForest,ttl_mimic_L2,ttl_mimic,2,True
44258,31073,70.2088,10304,23.2817,2881,6.5096,6.5096,0.02193917879483903,0.05850287526845932,0.036563696924963994,0.7495671616373536,0.6794893145561218,-0.07007784500219029,XGBoost,ttl_mimic_L2,ttl_mimic,2,True
45304,17949,39.619,25784,56.9133,1571,3.4677,3.4677,0.013046345652883585,0.04118452966213226,0.028138185762916514,0.6936667114946247,0.3495132029056549,-0.3441535139436512,Transformer,ttl_mimic_L2,ttl_mimic,2,True
45116,29576,65.5555,7229,16.0231,8311,18.4214,18.4214,0.027444003693007687,0.24788581294631176,0.2204418092533041,0.684174272389488,0.45496270184787213,-0.22921157054161587,RandomForest,ttl_mimic_L3,ttl_mimic,3,True
44258,18018,40.7113,3636,8.2155,22604,51.0733,51.0733,0.02193917879483903,0.5250901579856873,0.5031510251267065,0.7495671616373536,0.3935084939002991,-0.3560587184303386,XGBoost,ttl_mimic_L3,ttl_mimic,3,True
45304,5976,13.1909,19779,43.6584,19549,43.1507,43.1507,0.013046345652883585,0.41896307468414307,0.40591675099774455,0.6936667114946247,0.14789903163909912,-0.5457676812003769,Transformer,ttl_mimic_L3,ttl_mimic,3,True
45116,30172,66.8765,14877,32.975,67,0.1485,0.1485,0.027444003693007687,0.05602718438928748,0.028583180696279784,0.684174272389488,0.44339274712437077,-0.24078152526511723,RandomForest,padding_L1,padding,1,True
44258,30228,68.2995,13485,30.4691,545,1.2314,1.2314,0.02193917879483903,0.039817530661821365,0.017878352001514147,0.7495671616373536,0.6083456873893738,-0.1412214581486287,XGBoost,padding_L1,padding,1,True
45304,29847,65.8816,15410,34.0147,47,0.1037,0.1037,0.013046345652883585,0.013110904954373837,6.455992413402097e-05,0.6936667114946247,0.6346363425254822,-0.059030365463789765,Transformer,padding_L1,padding,1,True
45116,30075,66.6615,14992,33.2299,49,0.1086,0.1086,0.027444003693007687,0.05501655083692216,0.027572547143914466,0.684174272389488,0.43049386790619376,-0.25368040448329415,RandomForest,padding_L2,padding,2,True
44258,29502,66.6591,14330,32.3783,426,0.9625,0.9625,0.02193917879483903,0.03617317974567413,0.014234001250202504,0.7495671616373536,0.6158285140991211,-0.13373866736654047,XGBoost,padding_L2,padding,2,True
45304,29686,65.5262,15613,34.4627,5,0.011,0.011,0.013046345652883585,0.01180229615420103,-0.001244049403053283,0.6936667114946247,0.6281049251556396,-0.06556179308380815,Transformer,padding_L2,padding,2,True
45116,30633,67.8983,14427,31.9776,56,0.1241,0.1241,0.027444003693007687,0.05971316017103738,0.0322691564780297,0.684174272389488,0.40797533145731046,-0.2761989409321775,RandomForest,padding_L3,padding,3,True
44258,28372,64.1059,15450,34.9089,436,0.9851,0.9851,0.02193917879483903,0.033600736409425735,0.011661559476437398,0.7495671616373536,0.5759278535842896,-0.17363928892692929,XGBoost,padding_L3,padding,3,True
45304,29011,64.0363,16282,35.9394,11,0.0243,0.0243,0.013046345652883585,0.012520572170615196,-0.0005257736154442774,0.6936667114946247,0.5956701636314392,-0.09799656072483166,Transformer,padding_L3,padding,3,True
45116,30391,67.3619,14664,32.5029,61,0.1352,0.1352,0.027444003693007687,0.06365900328750844,0.036214999594500745,0.684174272389488,0.39952071402370004,-0.2846535583657879,RandomForest,padding_L4,padding,4,True
44258,29370,66.3609,14358,32.4416,530,1.1975,1.1975,0.02193917879483903,0.06755149364471436,0.04561231677805793,0.7495671616373536,0.5699519515037537,-0.17961521703925618,XGBoost,padding_L4,padding,4,True
45304,24702,54.525,20569,45.4022,33,0.0728,0.0728,0.013046345652883585,0.014459280297160149,0.0014129346812336802,0.6936667114946247,0.5361936688423157,-0.1574730136477246,Transformer,padding_L4,padding,4,True
45116,33946,75.2416,11067,24.5301,103,0.2283,0.2283,0.027444003693007687,0.030217889727862778,0.002773886034855088,0.684174272389488,0.6868658396683942,0.0026915672789062785,RandomForest,timing_L1,timing,1,True
44258,35079,79.2602,8913,20.1387,266,0.601,0.601,0.02193917879483903,0.024203069508075714,0.0022638905211345857,0.7495671616373536,0.7517998218536377,0.0022327051770159286,XGBoost,timing_L1,timing,1,True
45304,32590,71.9363,12709,28.0527,5,0.011,0.011,0.013046345652883585,0.012882367707788944,-0.00016397771274891197,0.6936667114946247,0.6922967433929443,-0.0013699902215156478,Transformer,timing_L1,timing,1,True
45116,33958,75.2682,11049,24.4902,109,0.2416,0.2416,0.027444003693007687,0.03156853870779893,0.004124535014791245,0.684174272389488,0.6842464170492472,7.21446597592211e-05,RandomForest,timing_L2,timing,2,True
44258,35056,79.2083,8913,20.1387,289,0.653,0.653,0.02193917879483903,0.0251034963876009,0.0031643156601825696,0.7495671616373536,0.750913679599762,0.0013464898855921584,XGBoost,timing_L2,timing,2,True
45304,32527,71.7972,12769,28.1851,8,0.0177,0.0177,0.013046345652883585,0.012558620423078537,-0.00048772526077474305,0.6936667114946247,0.6901571154594421,-0.0035095536595911676,Transformer,timing_L2,timing,2,True
45116,33630,74.5412,11298,25.0421,188,0.4167,0.4167,0.027444003693007687,0.042313334284350974,0.014869330591343282,0.684174272389488,0.6499802853157356,-0.034193987073752374,RandomForest,timing_L3,timing,3,True
44258,34929,78.9213,8949,20.2201,380,0.8586,0.8586,0.02193917879483903,0.028957253322005272,0.007018074317128873,0.7495671616373536,0.7455995082855225,-0.003967645145339938,XGBoost,timing_L3,timing,3,True
45304,32247,71.1791,13049,28.8032,8,0.0177,0.0177,0.013046345652883585,0.011055069044232368,-0.0019912765953652586,0.6936667114946247,0.6786609292030334,-0.015005792463940688,Transformer,timing_L3,timing,3,True
45116,33535,74.3306,11253,24.9424,328,0.727,0.727,0.027444003693007687,0.05879850873536872,0.03135450504236103,0.684174272389488,0.60900259249102,-0.075171679898468,RandomForest,timing_L4,timing,4,True
44258,34794,78.6163,8969,20.2653,495,1.1184,1.1184,0.02193917879483903,0.03230825066566467,0.010369071246582706,0.7495671616373536,0.7411212921142578,-0.008445875374973549,XGBoost,timing_L4,timing,4,True
45304,32094,70.8414,13200,29.1365,10,0.0221,0.0221,0.013046345652883585,0.010332148522138596,-0.0027141971540403063,0.6936667114946247,0.6713729500770569,-0.022293781587959263,Transformer,timing_L4,timing,4,True
45116,33453,74.1489,11566,25.6361,97,0.215,0.215,0.027444003693007687,0.021810917662902524,-0.005633086030105163,0.684174272389488,0.6840448230494808,-0.00012944934000724316,RandomForest,connection_rate_L1,connection_rate,1,True
44258,35126,79.3664,8912,20.1365,220,0.4971,0.4971,0.02193917879483903,0.02031628228724003,-0.0016228956182707255,0.7495671616373536,0.753397524356842,0.0038303800109239852,XGBoost,connection_rate_L1,connection_rate,1,True
45304,32532,71.8082,12772,28.1918,0,0.0,0.0,0.013046345652883585,0.009980631060898304,-0.003065714255534376,0.6936667114946247,0.6836275458335876,-0.010039169011862569,Transformer,connection_rate_L1,connection_rate,1,True
45116,33551,74.3661,11475,25.4344,90,0.1995,0.1995,0.027444003693007687,0.02010215188951469,-0.007341851803492999,0.684174272389488,0.664705029920229,-0.01946924246925901,RandomForest,connection_rate_L2,connection_rate,2,True
44258,35173,79.4726,8838,19.9693,247,0.5581,0.5581,0.02193917879483903,0.01966911554336548,-0.0022700629605809553,0.7495671616373536,0.7526841163635254,0.0031169615777671693,XGBoost,connection_rate_L2,connection_rate,2,True
45304,32582,71.9186,12721,28.0792,1,0.0022,0.0022,0.013046345652883585,0.008540758863091469,-0.00450558687570877,0.6936667114946247,0.672418475151062,-0.021248271394980534,Transformer,connection_rate_L2,connection_rate,2,True
45116,33126,73.4241,11895,26.3654,95,0.2106,0.2106,0.027444003693007687,0.01810993332280323,-0.009334070370204462,0.684174272389488,0.630451951263621,-0.05372232112586692,RandomForest,connection_rate_L3,connection_rate,3,True
44258,35170,79.4659,8871,20.0438,217,0.4903,0.4903,0.02193917879483903,0.01747513748705387,-0.004464041605628384,0.7495671616373536,0.7502834796905518,0.0007163240360858219,XGBoost,connection_rate_L3,connection_rate,3,True
45304,30615,67.5768,14689,32.4232,0,0.0,0.0,0.013046345652883585,0.0068947384133934975,-0.006151607314404383,0.6936667114946247,0.609968900680542,-0.08369777841573854,Transformer,connection_rate_L3,connection_rate,3,True
45116,32881,72.881,12085,26.7865,150,0.3325,0.3325,0.027444003693007687,0.01649551395688795,-0.010948489736119739,0.684174272389488,0.6033336583536848,-0.08084061403580324,RandomForest,connection_rate_L4,connection_rate,4,True
44258,35033,79.1563,9081,20.5183,144,0.3254,0.3254,0.02193917879483903,0.01585398055613041,-0.006085199243964989,0.7495671616373536,0.7414515018463135,-0.008115653970462638,XGBoost,connection_rate_L4,connection_rate,4,True
45304,14794,32.655,30510,67.345,0,0.0,0.0,0.013046345652883585,0.006338536273688078,-0.00670780955825089,0.6936667114946247,0.3671879172325134,-0.32647878337368746,Transformer,connection_rate_L4,connection_rate,4,True
45116,23719,52.5734,21049,46.6553,348,0.7713,0.7713,0.027444003693007687,0.0750365109927876,0.047592507299779895,0.684174272389488,0.365895442485293,-0.318278829904195,RandomForest,combined_hold_L1,combined_hold,1,True
44258,26642,60.197,13036,29.4546,4580,10.3484,10.3484,0.02193917879483903,0.11019057780504227,0.08825138179688269,0.7495671616373536,0.5302836298942566,-0.21928351644897878,XGBoost,combined_hold_L1,combined_hold,1,True
45304,13169,29.0681,29862,65.9147,2273,5.0172,5.0172,0.013046345652883585,0.04786375164985657,0.034817404651007876,0.6936667114946247,0.3160581588745117,-0.37760857024786254,Transformer,combined_hold_L1,combined_hold,1,True
45116,23471,52.0237,21284,47.1762,361,0.8002,0.8002,0.027444003693007687,0.07741099161955553,0.04996698792654783,0.684174272389488,0.3539134212850476,-0.3302608511044404,RandomForest,combined_hold_L2,combined_hold,2,True
44258,9920,22.414,32051,72.4185,2287,5.1674,5.1674,0.02193917879483903,0.0665878877043724,0.04464871073622946,0.7495671616373536,0.2286294847726822,-0.5209376652063477,XGBoost,combined_hold_L2,combined_hold,2,True
45304,9877,21.8016,32202,71.0798,3225,7.1186,7.1186,0.013046345652883585,0.06422532349824905,0.05117897361313233,0.6936667114946247,0.26862233877182007,-0.42504438350111506,Transformer,combined_hold_L2,combined_hold,2,True
45116,23280,51.6003,14409,31.9377,7427,16.462,16.462,0.027444003693007687,0.21247558357503832,0.18503157988203064,0.684174272389488,0.2950477281780664,-0.3891265442114215,RandomForest,combined_hold_L3,combined_hold,3,True
44258,86,0.1943,1989,4.4941,42183,95.3116,95.3116,0.02193917879483903,0.9228227734565735,0.9008836407861278,0.7495671616373536,0.007002301048487425,-0.7425648610072981,XGBoost,combined_hold_L3,combined_hold,3,True
45304,7635,16.8528,31912,70.4397,5757,12.7075,12.7075,0.013046345652883585,0.10283205658197403,0.08978571553878267,0.6936667114946247,0.21496398746967316,-0.4787027256216048,Transformer,combined_hold_L3,combined_hold,3,True
45116,21404,47.4421,9588,21.2519,14124,31.306,31.306,0.027444003693007687,0.2513988995035021,0.22395489581049438,0.684174272389488,0.27360722537461896,-0.410567047014869,RandomForest,combined_hold_L4,combined_hold,4,True
44258,65,0.1469,1510,3.4118,42683,96.4413,96.4413,0.02193917879483903,0.9459012150764465,0.9239621001974648,0.7495671616373536,0.004677280317991972,-0.7448898819205005,XGBoost,combined_hold_L4,combined_hold,4,True
45304,9264,20.4485,28148,62.1314,7892,17.4201,17.4201,0.013046345652883585,0.14140357077121735,0.12835722942832073,0.6936667114946247,0.2579503655433655,-0.4357163469827181,Transformer,combined_hold_L4,combined_hold,4,True
45116,22461,49.785,18178,40.2917,4477,9.9233,9.9233,0.027444003693007687,0.20241931586615847,0.17497531217315077,0.684174272389488,0.3100397039830722,-0.37413456840641574,RandomForest,combined_mimic_L1,combined_mimic,1,True
44258,14852,33.5578,8701,19.6597,20705,46.7825,46.7825,0.02193917879483903,0.38597434759140015,0.3640351538892363,0.7495671616373536,0.35450029373168945,-0.39506686492877585,XGBoost,combined_mimic_L1,combined_mimic,1,True
45304,6026,13.3013,18365,40.5373,20913,46.1615,46.1615,0.013046345652883585,0.4308757483959198,0.4178294092303855,0.6936667114946247,0.14770454168319702,-0.54596217875435,Transformer,combined_mimic_L1,combined_mimic,1,True
45116,23488,52.0614,21261,47.1252,367,0.8135,0.8135,0.027444003693007687,0.07745917851555693,0.05001517482254925,0.684174272389488,0.3539188521507009,-0.3302554202387872,RandomForest,combined_mimic_L2,combined_mimic,2,True
44258,9920,22.414,32058,72.4344,2280,5.1516,5.1516,0.02193917879483903,0.06648941338062286,0.04455024016845244,0.7495671616373536,0.22864781320095062,-0.5209193484417066,XGBoost,combined_mimic_L2,combined_mimic,2,True
45304,9838,21.7155,32137,70.9363,3329,7.3481,7.3481,0.013046345652883585,0.06621547043323517,0.05316913091074209,0.6936667114946247,0.2682797312736511,-0.4253869701015744,Transformer,combined_mimic_L2,combined_mimic,2,True
45116,11925,26.4319,3249,7.2014,29942,66.3667,66.3667,0.027444003693007687,0.3453917441389181,0.3179477404459104,0.684174272389488,0.2447543759235551,-0.4394198964659329,RandomForest,combined_mimic_L3,combined_mimic,3,True
44258,58,0.131,1637,3.6988,42563,96.1702,96.1702,0.02193917879483903,0.9334287047386169,0.9114895878534345,0.7495671616373536,0.005944356322288513,-0.7436228048517043,XGBoost,combined_mimic_L3,combined_mimic,3,True
45304,5330,11.765,9668,21.3403,30306,66.8948,66.8948,0.013046345652883585,0.6214647889137268,0.6084184334943846,0.6936667114946247,0.12237368524074554,-0.5712930210395363,Transformer,combined_mimic_L3,combined_mimic,3,True
45116,8543,18.9356,2333,5.1711,34240,75.8933,75.8933,0.027444003693007687,0.381689151298874,0.3542451476058663,0.684174272389488,0.2252641914152469,-0.4589100809742411,RandomForest,combined_mimic_L4,combined_mimic,4,True
44258,56,0.1265,1307,2.9531,42895,96.9203,96.9203,0.02193917879483903,0.9531648755073547,0.9312256963058801,0.7495671616373536,0.003973298706114292,-0.7455938630427426,XGBoost,combined_mimic_L4,combined_mimic,4,True
45304,5668,12.511,7461,16.4687,32175,71.0202,71.0202,0.013046345652883585,0.6667445302009583,0.6536981960212589,0.6936667114946247,0.1247326210141182,-0.5689340974955212,Transformer,combined_mimic_L4,combined_mimic,4,True
45116,24451,54.1959,5769,12.787,14896,33.0171,33.0171,0.027444003693007687,0.2935629978696206,0.2661189941766129,0.684174272389488,0.42791924835959927,-0.2562550240298887,RandomForest,ttl_both_L1,ttl_both,1,False
44258,18018,40.7113,3636,8.2155,22604,51.0733,51.0733,0.02193917879483903,0.5251855850219727,0.5032464305933776,0.7495671616373536,0.39342665672302246,-0.35614053249117483,XGBoost,ttl_both_L1,ttl_both,1,False
45304,890,1.9645,12215,26.9623,32199,71.0732,71.0732,0.013046345652883585,0.6870295405387878,0.6739832515798372,0.6936667114946247,0.048086874186992645,-0.6455798324396577,Transformer,ttl_both_L1,ttl_both,1,False
