model,family,level,evasion_lower_hold,evasion_upper_mimic,interval_width
RandomForest,combined,1,0.7713,9.9233,9.152
RandomForest,combined,2,0.8002,0.8135,0.0133
RandomForest,combined,3,16.462,66.3667,49.9047
RandomForest,combined,4,31.306,75.8933,44.5873
RandomForest,ttl,1,0.4921,4.4574,3.9653
RandomForest,ttl,2,0.4876,0.4965,0.0089
RandomForest,ttl,3,4.4352,18.4214,13.9862
Transformer,combined,1,10.9465,70.2486,59.3021
Transformer,combined,2,13.9795,13.8471,-0.1324
Transformer,combined,3,26.8156,75.4448,48.6292
Transformer,combined,4,30.7602,76.5595,45.7993
Transformer,ttl,1,8.3396,67.7851,59.4455
Transformer,ttl,2,8.4676,8.333,-0.1346
Transformer,ttl,3,10.6883,72.1006,61.4123
XGBoost,combined,1,10.3484,46.7825,36.4341
XGBoost,combined,2,5.1674,5.1516,-0.0158
XGBoost,combined,3,95.3116,96.1702,0.8586
XGBoost,combined,4,96.4413,96.9203,0.479
XGBoost,ttl,1,7.5873,8.7397,1.1524
XGBoost,ttl,2,6.5141,6.5096,-0.0045
XGBoost,ttl,3,50.2101,51.0733,0.8632
