model,type,n_eligible,n_ever_evaded,pct_ever_evaded,median_first_level,n_evaded_at_level_1
RandomForest,combined_hold,45116,14502,32.144,3.0,348
RandomForest,combined_mimic,45116,34658,76.82,3.0,4477
RandomForest,connection_rate,45116,245,0.543,2.0,97
RandomForest,padding,45116,140,0.31,2.0,67
RandomForest,timing,45116,471,1.044,3.0,103
RandomForest,ttl_both,45116,14896,33.017,1.0,14896
RandomForest,ttl_hold,45116,2001,4.435,3.0,222
RandomForest,ttl_mimic,45116,8311,18.421,3.0,2011
Transformer,combined_hold,45302,14481,31.965,3.0,4959
Transformer,combined_mimic,45302,35833,79.098,1.0,31824
Transformer,connection_rate,45302,1,0.002,1.0,1
Transformer,padding,45302,92,0.203,3.0,35
Transformer,timing,45302,32,0.071,1.5,16
Transformer,ttl_both,45302,43838,96.768,1.0,43838
Transformer,ttl_hold,45302,4842,10.688,1.0,3778
Transformer,ttl_mimic,45302,32663,72.101,1.0,30708
XGBoost,combined_hold,44258,42683,96.441,3.0,4580
XGBoost,combined_mimic,44258,42895,96.92,3.0,20705
XGBoost,connection_rate,44258,423,0.956,1.0,220
XGBoost,padding,44258,1166,2.635,2.0,545
XGBoost,timing,44258,763,1.724,2.0,266
XGBoost,ttl_both,44258,22604,51.073,1.0,22604
XGBoost,ttl_hold,44258,22222,50.21,3.0,3358
XGBoost,ttl_mimic,44258,22604,51.073,3.0,3868
