model,type,level,variant,n_eligible,realizable,pct_correct,pct_misclassified_attack,pct_evaded
RandomForest,combined_hold,1,combined_hold_L1,45116,True,52.5734,46.6553,0.7713
RandomForest,combined_hold,2,combined_hold_L2,45116,True,52.0237,47.1762,0.8002
RandomForest,combined_hold,3,combined_hold_L3,45116,True,51.6003,31.9377,16.462
RandomForest,combined_hold,4,combined_hold_L4,45116,True,47.4421,21.2519,31.306
RandomForest,combined_mimic,1,combined_mimic_L1,45116,True,49.785,40.2917,9.9233
RandomForest,combined_mimic,2,combined_mimic_L2,45116,True,52.0614,47.1252,0.8135
RandomForest,combined_mimic,3,combined_mimic_L3,45116,True,26.4319,7.2014,66.3667
RandomForest,combined_mimic,4,combined_mimic_L4,45116,True,18.9356,5.1711,75.8933
RandomForest,connection_rate,1,connection_rate_L1,45116,True,74.1489,25.6361,0.215
RandomForest,connection_rate,2,connection_rate_L2,45116,True,74.3661,25.4344,0.1995
RandomForest,connection_rate,3,connection_rate_L3,45116,True,73.4241,26.3654,0.2106
RandomForest,connection_rate,4,connection_rate_L4,45116,True,72.881,26.7865,0.3325
RandomForest,identity,0,identity_L0,45116,True,74.9446,25.0554,0.0
RandomForest,padding,1,padding_L1,45116,True,66.8765,32.975,0.1485
RandomForest,padding,2,padding_L2,45116,True,66.6615,33.2299,0.1086
RandomForest,padding,3,padding_L3,45116,True,67.8983,31.9776,0.1241
RandomForest,padding,4,padding_L4,45116,True,67.3619,32.5029,0.1352
RandomForest,timing,1,timing_L1,45116,True,75.2416,24.5301,0.2283
RandomForest,timing,2,timing_L2,45116,True,75.2682,24.4902,0.2416
RandomForest,timing,3,timing_L3,45116,True,74.5412,25.0421,0.4167
RandomForest,timing,4,timing_L4,45116,True,74.3306,24.9424,0.727
RandomForest,ttl_both,1,ttl_both_L1,45116,False,54.1959,12.787,33.0171
RandomForest,ttl_hold,1,ttl_hold_L1,45116,True,73.8142,25.6938,0.4921
RandomForest,ttl_hold,2,ttl_hold_L2,45116,True,73.7964,25.7159,0.4876
RandomForest,ttl_hold,3,ttl_hold_L3,45116,True,72.0277,23.5371,4.4352
RandomForest,ttl_mimic,1,ttl_mimic_L1,45116,True,72.2781,23.2645,4.4574
RandomForest,ttl_mimic,2,ttl_mimic_L2,45116,True,73.7876,25.7159,0.4965
RandomForest,ttl_mimic,3,ttl_mimic_L3,45116,True,65.5555,16.0231,18.4214
Transformer,combined_hold,1,combined_hold_L1,45304,True,29.0681,65.9147,5.0172
Transformer,combined_hold,2,combined_hold_L2,45304,True,21.8016,71.0798,7.1186
Transformer,combined_hold,3,combined_hold_L3,45304,True,16.8528,70.4397,12.7075
Transformer,combined_hold,4,combined_hold_L4,45304,True,20.4485,62.1314,17.4201
Transformer,combined_mimic,1,combined_mimic_L1,45304,True,13.3013,40.5373,46.1615
Transformer,combined_mimic,2,combined_mimic_L2,45304,True,21.7155,70.9363,7.3481
Transformer,combined_mimic,3,combined_mimic_L3,45304,True,11.765,21.3403,66.8948
Transformer,combined_mimic,4,combined_mimic_L4,45304,True,12.511,16.4687,71.0202
Transformer,connection_rate,1,connection_rate_L1,45304,True,71.8082,28.1918,0.0
Transformer,connection_rate,2,connection_rate_L2,45304,True,71.9186,28.0792,0.0022
Transformer,connection_rate,3,connection_rate_L3,45304,True,67.5768,32.4232,0.0
Transformer,connection_rate,4,connection_rate_L4,45304,True,32.655,67.345,0.0
Transformer,identity,0,identity_L0,45304,True,71.9959,28.0041,0.0
Transformer,padding,1,padding_L1,45304,True,65.8816,34.0147,0.1037
Transformer,padding,2,padding_L2,45304,True,65.5262,34.4627,0.011
Transformer,padding,3,padding_L3,45304,True,64.0363,35.9394,0.0243
Transformer,padding,4,padding_L4,45304,True,54.525,45.4022,0.0728
Transformer,timing,1,timing_L1,45304,True,71.9363,28.0527,0.011
Transformer,timing,2,timing_L2,45304,True,71.7972,28.1851,0.0177
Transformer,timing,3,timing_L3,45304,True,71.1791,28.8032,0.0177
Transformer,timing,4,timing_L4,45304,True,70.8414,29.1365,0.0221
Transformer,ttl_both,1,ttl_both_L1,45304,False,1.9645,26.9623,71.0732
Transformer,ttl_hold,1,ttl_hold_L1,45304,True,40.2591,56.5667,3.1741
Transformer,ttl_hold,2,ttl_hold_L2,45304,True,39.7316,57.0612,3.2072
Transformer,ttl_hold,3,ttl_hold_L3,45304,True,32.7786,63.1821,4.0394
Transformer,ttl_mimic,1,ttl_mimic_L1,45304,True,13.7206,49.3025,36.9769
Transformer,ttl_mimic,2,ttl_mimic_L2,45304,True,39.619,56.9133,3.4677
Transformer,ttl_mimic,3,ttl_mimic_L3,45304,True,13.1909,43.6584,43.1507
XGBoost,combined_hold,1,combined_hold_L1,44258,True,60.197,29.4546,10.3484
XGBoost,combined_hold,2,combined_hold_L2,44258,True,22.414,72.4185,5.1674
XGBoost,combined_hold,3,combined_hold_L3,44258,True,0.1943,4.4941,95.3116
XGBoost,combined_hold,4,combined_hold_L4,44258,True,0.1469,3.4118,96.4413
XGBoost,combined_mimic,1,combined_mimic_L1,44258,True,33.5578,19.6597,46.7825
XGBoost,combined_mimic,2,combined_mimic_L2,44258,True,22.414,72.4344,5.1516
XGBoost,combined_mimic,3,combined_mimic_L3,44258,True,0.131,3.6988,96.1702
XGBoost,combined_mimic,4,combined_mimic_L4,44258,True,0.1265,2.9531,96.9203
XGBoost,connection_rate,1,connection_rate_L1,44258,True,79.3664,20.1365,0.4971
XGBoost,connection_rate,2,connection_rate_L2,44258,True,79.4726,19.9693,0.5581
XGBoost,connection_rate,3,connection_rate_L3,44258,True,79.4659,20.0438,0.4903
XGBoost,connection_rate,4,connection_rate_L4,44258,True,79.1563,20.5183,0.3254
XGBoost,identity,0,identity_L0,44258,True,79.2738,20.7262,0.0
XGBoost,padding,1,padding_L1,44258,True,68.2995,30.4691,1.2314
XGBoost,padding,2,padding_L2,44258,True,66.6591,32.3783,0.9625
XGBoost,padding,3,padding_L3,44258,True,64.1059,34.9089,0.9851
XGBoost,padding,4,padding_L4,44258,True,66.3609,32.4416,1.1975
XGBoost,timing,1,timing_L1,44258,True,79.2602,20.1387,0.601
XGBoost,timing,2,timing_L2,44258,True,79.2083,20.1387,0.653
XGBoost,timing,3,timing_L3,44258,True,78.9213,20.2201,0.8586
XGBoost,timing,4,timing_L4,44258,True,78.6163,20.2653,1.1184
XGBoost,ttl_both,1,ttl_both_L1,44258,False,40.7113,8.2155,51.0733
XGBoost,ttl_hold,1,ttl_hold_L1,44258,True,69.4338,22.9789,7.5873
XGBoost,ttl_hold,2,ttl_hold_L2,44258,True,70.2065,23.2794,6.5141
XGBoost,ttl_hold,3,ttl_hold_L3,44258,True,41.1112,8.6787,50.2101
XGBoost,ttl_mimic,1,ttl_mimic_L1,44258,True,68.8689,22.3914,8.7397
XGBoost,ttl_mimic,2,ttl_mimic_L2,44258,True,70.2088,23.2817,6.5096
XGBoost,ttl_mimic,3,ttl_mimic_L3,44258,True,40.7113,8.2155,51.0733
