feature,importance
num__sbytes,0.0978642306700712
num__smean,0.08610452896212803
num__ct_dst_src_ltm,0.047183748803967834
num__ct_srv_src,0.04071236614839075
num__sload,0.040405580852945905
num__ct_srv_dst,0.040153591169635496
num__sttl,0.03330179540137326
num__dbytes,0.03076140684676362
cat__service_-,0.027789881141093393
num__dmean,0.026880820674969302
num__dload,0.02635477553540796
num__dur,0.02535038507442342
cat__service_dns,0.02473635723461034
num__rate,0.024356098707836782
num__sinpkt,0.02420734078209091
num__ct_src_dport_ltm,0.0232437900970462
cat__proto_udp,0.02283767734980715
num__ct_dst_sport_ltm,0.021792873360310234
num__sjit,0.019291801293135357
num__ackdat,0.01910977768141795
num__synack,0.018796847343405993
cat__service_http,0.018386565602607017
num__dinpkt,0.018106682832808044
num__ct_src_ltm,0.017986188854087398
num__tcprtt,0.0178584219443695
num__dloss,0.017053366753693455
num__ct_dst_ltm,0.016657479303890586
num__dpkts,0.015716092810426362
num__djit,0.015046963872469628
num__ct_state_ttl,0.014430997100324429
num__spkts,0.013747571394142035
num__sloss,0.013459817666614735
num__trans_depth,0.01238814324311647
num__ct_flw_http_mthd,0.012350905692423357
num__response_body_len,0.010438072301726213
num__dtcpb,0.010337915927698237
num__dttl,0.010145815337791084
num__stcpb,0.009903690361537987
cat__state_INT,0.0037706867734892124
cat__proto_unas,0.003687023540168346
num__swin,0.0026560118105082783
cat__state_FIN,0.0021206140138081944
cat__proto_tcp,0.001972115604392272
cat__proto_sctp,0.0017276518840951423
cat__state_CON,0.0016137782425399865
cat__proto_ospf,0.0012180410219419955
num__is_sm_ips_ports,0.0010912613744519146
num__dwin,0.0010391364251635597
cat__proto_arp,0.0010120258268605717
cat__service_ftp-data,0.0009211181229499722
cat__service_smtp,0.0008848946812283112
cat__service_ftp,0.0005921916204197796
cat__state_REQ,0.0004886459807651412
num__ct_ftp_cmd,0.00039929749649745714
num__is_ftp_login,0.00034797124731937454
cat__proto_gre,0.00034573579867195004
cat__service_snmp,0.000341380302589402
cat__service_other,0.000312703213904543
cat__proto_sep,0.0002304715852831627
cat__proto_ipv6,0.00022248651163709124
cat__proto_any,0.00018009594253319167
cat__service_pop3,0.00017393639058105754
cat__service_dhcp,0.00015804791009849402
cat__proto_swipe,0.00011965752160392848
cat__proto_ipv6-no,0.0001134494760841564
cat__proto_rsvp,0.00010195116590066284
cat__proto_skip,9.935082573095636e-05
cat__proto_eigrp,9.80228964438918e-05
cat__proto_mobile,9.579441207975469e-05
cat__proto_secure-vmtp,9.212867288608842e-05
cat__proto_idpr-cmtp,9.175391515237337e-05
cat__proto_visa,9.052955263832867e-05
cat__service_ssh,9.042825441534332e-05
cat__proto_dgp,8.967537124669444e-05
cat__proto_mfe-nsp,8.841378026943921e-05
cat__proto_pim,8.706419759341393e-05
cat__proto_sat-expak,8.70426597030913e-05
cat__proto_wb-mon,8.650122316786661e-05
cat__proto_sprite-rpc,8.387691505326216e-05
cat__proto_compaq-peer,8.238628556547127e-05
cat__proto_sccopmce,8.188725354189865e-05
cat__proto_sun-nd,8.12535206333946e-05
cat__proto_merit-inp,8.072269194810346e-05
cat__proto_tcf,8.02978524305352e-05
cat__proto_ip,7.980848873147004e-05
cat__proto_sat-mon,7.968458177202126e-05
cat__proto_vmtp,7.700282222940432e-05
cat__proto_cftp,7.686622364986961e-05
cat__proto_aris,7.683840545315514e-05
cat__proto_bna,7.653385110385072e-05
cat__proto_mhrp,7.511440249471734e-05
cat__proto_snp,7.497435804691711e-05
cat__proto_pipe,7.46664117575016e-05
cat__proto_tp++,7.436763229727721e-05
cat__proto_il,7.424263888692021e-05
cat__proto_3pc,7.414220460408875e-05
cat__proto_crudp,7.345354304737424e-05
cat__proto_crtp,7.329398880212082e-05
cat__proto_fc,7.313824917334537e-05
cat__proto_gmtp,7.249899537021196e-05
cat__proto_sdrp,7.18908524895937e-05
cat__proto_tlsp,7.185949836480975e-05
cat__proto_ipv6-opts,7.165856638382136e-05
cat__proto_wsn,7.141259232025738e-05
cat__proto_i-nlsp,7.099926887718125e-05
cat__proto_idrp,7.015162835013757e-05
cat__proto_ddx,6.910528558814403e-05
cat__proto_sps,6.762143342973218e-05
cat__proto_narp,6.751963728269855e-05
cat__proto_ipv6-frag,6.745949359015037e-05
cat__proto_fire,6.738283874552189e-05
cat__proto_ipv6-route,6.721490512643699e-05
cat__proto_sm,6.593121486118313e-05
cat__proto_vines,6.566099708005339e-05
cat__proto_nsfnet-igp,6.381458471660338e-05
cat__proto_idpr,6.35002284173485e-05
cat__proto_xtp,6.305605505303773e-05
cat__proto_ippc,6.251562581245436e-05
cat__proto_ddp,6.117485056089318e-05
cat__proto_iatp,6.071884671356215e-05
cat__proto_wb-expak,6.06434353358995e-05
cat__proto_cphb,6.043511020282191e-05
cat__proto_srp,5.981724495278869e-05
cat__proto_iso-ip,5.937170374705528e-05
cat__proto_stp,5.9044870357164973e-05
cat__proto_a/n,5.8134640881075595e-05
cat__proto_pgm,5.796570859221009e-05
cat__proto_micp,5.756541641536952e-05
cat__proto_zero,5.7509873962219985e-05
cat__proto_ptp,5.700792565967973e-05
cat__proto_ax.25,5.638694904177191e-05
cat__proto_ipx-n-ip,5.63534129020785e-05
cat__proto_ib,5.483422955473744e-05
cat__proto_ttp,5.4620887517368485e-05
cat__proto_isis,5.4340486319244937e-05
cat__proto_iplt,5.42080904330413e-05
cat__proto_encap,5.3999176385053335e-05
cat__proto_ifmp,5.354211414741404e-05
cat__proto_vrrp,5.3348036625171786e-05
cat__proto_pvp,5.324063499013812e-05
cat__proto_uti,5.2684522373410396e-05
cat__proto_aes-sp3-d,5.212889725323643e-05
cat__proto_pnni,5.1589814488687226e-05
cat__proto_kryptolan,5.1402530016226e-05
cat__proto_pri-enc,5.1127160492199195e-05
cat__proto_ipcomp,4.958711110542463e-05
cat__proto_smp,4.8765734629462004e-05
cat__proto_l2tp,4.7529718370911244e-05
cat__proto_mtp,4.609349990606415e-05
cat__proto_qnx,4.6035023356305085e-05
cat__proto_ipip,4.4158778307861214e-05
cat__proto_larp,4.3995440016520576e-05
cat__proto_ipcv,4.171574185508468e-05
cat__proto_scps,4.1072715571202345e-05
cat__proto_st2,4.106163673298443e-05
cat__proto_xns-idp,4.053200239705863e-05
cat__proto_cpnx,4.0255851212072264e-05
cat__proto_prm,3.9958365102429314e-05
cat__proto_trunk-1,3.967723293534392e-05
cat__proto_etherip,3.9459923434483186e-05
cat__proto_trunk-2,3.823144110297651e-05
cat__proto_dcn,3.737944417772289e-05
cat__service_ssl,3.7246892513743035e-05
cat__proto_hmp,3.562567948827316e-05
cat__proto_br-sat-mon,3.5235557335564626e-05
cat__proto_leaf-1,3.430969746181325e-05
cat__proto_netblt,3.35820761151425e-05
cat__proto_rdp,3.2938153381796016e-05
cat__proto_leaf-2,3.240398669058425e-05
cat__proto_other,3.055617615066614e-05
cat__proto_iso-tp4,2.9824282430699742e-05
cat__proto_irtp,2.978743150816226e-05
cat__proto_egp,2.714724977097337e-05
cat__proto_igp,2.6130847046678714e-05
cat__proto_argus,2.477038510500911e-05
cat__proto_pup,2.413856554689596e-05
cat__proto_rvd,2.3739993346607316e-05
cat__proto_chaos,2.3503661367069175e-05
cat__proto_nvp,2.2560781802853085e-05
cat__proto_emcon,2.1576371789929303e-05
cat__proto_xnet,2.0640470122146913e-05
cat__proto_bbn-rcc,2.0132688200308762e-05
cat__proto_ggp,1.958123799514713e-05
cat__proto_ipnip,1.6647954959255758e-05
cat__proto_mux,1.6067584465650452e-05
cat__proto_cbt,1.5632526613938097e-05
cat__state_RST,1.4796627658779003e-05
cat__state_other,7.457490543907455e-06
