feature,mean_abs_shap
num__dur,2.887696115557011
num__ct_dst_src_ltm,2.6247694071768293
num__dload,2.2488021121499124
num__ct_dst_sport_ltm,2.170563445270827
cat__proto_any,2.1523208067016886
num__rate,2.0145648255551363
num__ct_srv_dst,1.825106061148238
num__sbytes,1.8206690140995918
num__ct_dst_ltm,1.814026165118812
cat__proto_sat-mon,1.7429675271981133
num__ct_state_ttl,1.7407249519443886
cat__proto_ospf,1.72494281499155
cat__proto_isis,1.7176060601710859
cat__proto_ipv6,1.6988198435742385
cat__proto_ptp,1.6930320026162125
cat__proto_secure-vmtp,1.6609470030788394
cat__proto_mfe-nsp,1.6274467590654405
cat__proto_pim,1.5962558961121636
cat__proto_fc,1.5731649142660575
cat__proto_vines,1.545193767651917
num__ct_srv_src,1.5397186424725364
cat__proto_trunk-2,1.5359775706341798
cat__proto_sdrp,1.5334832007827615
cat__proto_rsvp,1.5057129337340638
cat__proto_rvd,1.4823471320381079
num__trans_depth,1.430030815151485
cat__proto_ax.25,1.3389984542028872
cat__proto_aris,1.317215884128484
cat__proto_ipv6-route,1.300285887689207
cat__proto_ipv6-no,1.2959168983001492
cat__proto_idpr-cmtp,1.2787529752013995
cat__proto_ipip,1.2666148724014976
cat__proto_iso-ip,1.2411648740610384
cat__proto_xns-idp,1.2341191212831992
cat__proto_vmtp,1.2311899663474233
cat__proto_wb-expak,1.2310545118034517
cat__proto_skip,1.2253913710448796
cat__proto_pnni,1.2161418960778168
cat__proto_scps,1.184613077607983
cat__proto_ttp,1.1625069711359115
cat__proto_dcn,1.1489016837816022
cat__proto_br-sat-mon,1.1409822366704836
cat__proto_srp,1.1015677038881346
cat__proto_tlsp,1.079371142769338
cat__state_REQ,0.9736967041545795
cat__proto_fire,0.9547407582453472
cat__proto_larp,0.9341906407430446
cat__proto_merit-inp,0.8868745713096152
cat__proto_stp,0.867874155862853
num__ct_src_ltm,0.8677314929392409
cat__proto_pri-enc,0.8581897604280876
cat__proto_aes-sp3-d,0.8511562336148425
num__ct_src_dport_ltm,0.845454700456894
cat__proto_unas,0.827101038252416
cat__proto_crudp,0.8266042503571842
cat__proto_leaf-1,0.7844741341381031
cat__proto_gmtp,0.7770648408135705
cat__proto_ipcomp,0.7570320540780316
cat__proto_smp,0.7350587451914292
cat__proto_ipv6-frag,0.7103055439581816
cat__proto_sctp,0.692362080278692
cat__proto_sprite-rpc,0.673699787943662
cat__proto_hmp,0.6487161366765886
cat__proto_ipv6-opts,0.6281595900182956
cat__proto_ddp,0.6240681698645661
num__ct_ftp_cmd,0.560632136303411
cat__proto_bna,0.5201279375140845
cat__proto_sun-nd,0.5025110980317475
cat__proto_sat-expak,0.4842201299951097
cat__service_-,0.4755688139566777
cat__proto_udp,0.44154261100244346
cat__proto_compaq-peer,0.3807180721197916
cat__proto_sccopmce,0.3760663319248123
cat__proto_snp,0.33865741144442435
cat__proto_tp++,0.3172659575891312
cat__proto_ipx-n-ip,0.30520181723266904
num__sload,0.26733101952607025
cat__proto_iatp,0.22782049594821768
cat__proto_sep,0.19825149614352353
cat__proto_tcf,0.1640628207789199
cat__proto_wsn,0.11551469930882258
cat__proto_eigrp,0.10602674433344424
cat__proto_gre,0.10463051992451906
cat__proto_pipe,0.0911431906005398
cat__proto_visa,0.07292213166530928
num__sttl,0.014698880608393574
cat__service_dns,0.012654562404587818
num__smean,0.011470901594764032
num__sinpkt,0.00854533952910272
num__swin,0.007721155213324102
num__dbytes,0.006255401747344949
num__dmean,0.005578464662981021
num__dttl,0.005565620880636512
cat__proto_ddx,0.005382650161390428
cat__proto_ipcv,0.005242463104467264
cat__proto_mobile,0.005010158376394934
num__sloss,0.004981919894760253
num__ackdat,0.004607073892957156
cat__proto_pvp,0.00437130505010747
cat__proto_encap,0.00420366325637323
num__dloss,0.004066684424692806
cat__proto_a/n,0.004042183312282412
num__dpkts,0.004008589400004707
cat__service_http,0.0039769745935092655
num__synack,0.003965772313201599
cat__proto_wb-mon,0.003936357587147252
num__dinpkt,0.003935002000854933
cat__proto_kryptolan,0.003886503554522392
cat__state_INT,0.0038571974944701815
cat__proto_crtp,0.0038545940329784557
cat__proto_ifmp,0.003658603425434739
num__tcprtt,0.003586168079240714
num__sjit,0.003177246321540997
cat__proto_sps,0.0029862209105065525
num__spkts,0.0029477424596979188
cat__proto_tcp,0.0027407752752670526
cat__proto_idpr,0.002729325839333043
num__ct_flw_http_mthd,0.002443909281464765
cat__proto_mhrp,0.002414241742327992
num__djit,0.0021261113605603728
num__dtcpb,0.0016902521741565628
num__stcpb,0.0016374524107526682
cat__proto_rdp,0.0014820438434657627
num__response_body_len,0.0014633388608026156
cat__state_FIN,0.001271850275712066
cat__proto_micp,0.0011524204294854237
cat__proto_prm,0.0009711310471484976
cat__proto_irtp,0.0007608539186548158
num__dwin,0.0007184600581577943
cat__state_CON,0.0006966486693685772
cat__proto_iso-tp4,0.0006249294680899976
cat__proto_swipe,0.0005603034154262406
cat__proto_netblt,0.0004280493412687189
cat__proto_arp,0.00029889841594083524
num__is_sm_ips_ports,0.0002757321256420592
cat__service_smtp,0.0002219152893924049
cat__service_ftp-data,0.0001882464492648875
cat__proto_nsfnet-igp,0.00015387607285418303
cat__service_snmp,0.00014744707630397278
cat__service_ftp,0.0001361204782004086
cat__proto_3pc,0.00013385960169411674
cat__proto_cpnx,0.00011208864305593767
cat__proto_uti,9.912921461843239e-05
cat__proto_qnx,9.034059412390119e-05
cat__proto_xtp,7.400822512500494e-05
cat__proto_chaos,6.750448556481391e-05
cat__proto_trunk-1,6.735563801544192e-05
cat__proto_idrp,6.604027219060465e-05
cat__proto_ib,6.349114976410641e-05
cat__proto_leaf-2,5.603328389646283e-05
num__is_ftp_login,5.203226284752596e-05
cat__proto_i-nlsp,5.195098383920328e-05
cat__proto_ippc,5.136861514333652e-05
cat__service_dhcp,4.919705001664338e-05
cat__proto_vrrp,4.585484037073575e-05
cat__proto_cftp,4.4819534880596526e-05
cat__proto_il,4.0004678158509375e-05
cat__service_other,3.6190079917537185e-05
cat__proto_narp,3.6004167978263524e-05
cat__service_pop3,2.7849605524044054e-05
cat__proto_ip,2.5502847861623667e-05
cat__proto_cphb,2.1626448892330502e-05
cat__service_ssh,2.0906277205576916e-05
cat__proto_st2,1.8178226521785387e-05
cat__proto_mux,1.7003625033073377e-05
cat__proto_sm,1.56112140850238e-05
cat__proto_cbt,1.4477705071650186e-05
cat__proto_pgm,1.2343184877393329e-05
cat__proto_igp,1.0838957837461956e-05
cat__proto_dgp,1.0778983151529981e-05
cat__proto_mtp,1.0690606229141508e-05
cat__proto_etherip,9.920316259895066e-06
cat__proto_l2tp,8.230386799513218e-06
cat__proto_zero,7.083556944598257e-06
cat__proto_pup,5.962493848856724e-06
cat__proto_argus,5.836769580440603e-06
cat__proto_other,5.822785112036961e-06
cat__proto_bbn-rcc,5.7540739307299296e-06
cat__proto_nvp,5.40341863942354e-06
cat__proto_iplt,5.2182746233700395e-06
cat__state_RST,5.0134999161887965e-06
cat__proto_ipnip,4.951975649063723e-06
cat__service_ssl,4.880300561863623e-06
cat__proto_xnet,4.7143955448469746e-06
cat__proto_egp,4.619362529883871e-06
cat__proto_ggp,4.3811265191274815e-06
cat__proto_emcon,4.209925401744387e-06
cat__state_other,2.0581896812472114e-06
