true_label,Analysis,Backdoor,DoS,Exploits,Fuzzers,Reconnaissance,Shellcode,Worms
Analysis,0.0,84.72,14.41,0.87,0.0,0.0,0.0,0.0
Backdoor,0.0,0.0,80.0,14.55,1.82,1.82,1.82,0.0
DoS,1.74,72.76,0.0,23.3,0.69,0.77,0.73,0.0
Exploits,2.56,71.57,14.29,0.0,1.9,8.21,1.43,0.04
Fuzzers,0.52,63.3,12.52,17.57,0.0,1.04,5.04,0.0
Generic,0.0,1.25,15.03,78.29,4.18,0.0,1.25,0.0
Reconnaissance,1.29,54.51,9.58,32.6,0.74,0.0,1.29,0.0
Shellcode,0.0,0.0,57.86,34.29,7.14,0.71,0.0,0.0
Worms,0.0,0.0,35.29,64.71,0.0,0.0,0.0,0.0
