attack_class,model,rank,feature,detection_drop,share_pct
Generic,RandomForest,1,service,0.1947,47.4
Generic,RandomForest,2,sttl,0.0427,10.39
Generic,RandomForest,3,sloss,0.0307,7.47
Generic,RandomForest,4,dttl,0.024,5.84
Generic,RandomForest,5,swin,0.0227,5.52
Generic,Transformer,1,sttl,1.176,52.31
Generic,Transformer,2,dttl,0.5907,26.28
Generic,Transformer,3,proto,0.2867,12.75
Generic,Transformer,4,state,0.044,1.96
Generic,Transformer,5,ct_state_ttl,0.032,1.42
Generic,XGBoost,1,sttl,0.8667,51.34
Generic,XGBoost,2,sbytes,0.2653,15.72
Generic,XGBoost,3,service,0.236,13.98
Generic,XGBoost,4,ct_dst_src_ltm,0.0933,5.53
Generic,XGBoost,5,ct_srv_src,0.0893,5.29
