model,variant,type,level,evasion_rate,n_features_touched,importance_mass,importance_mass_weighted,top_feature_touched,features_touched
RandomForest,combined_mimic_L4,combined_mimic,4,75.8933,13,1.8939210462581884,1.5987734560426363,sttl,"ct_state_ttl,dinpkt,djit,dload,dur,rate,sbytes,sinpkt,sjit,sload,smean,spkts,sttl"
RandomForest,combined_mimic_L3,combined_mimic,3,66.3667,13,1.8939210462581884,1.5987734560426363,sttl,"ct_state_ttl,dinpkt,djit,dload,dur,rate,sbytes,sinpkt,sjit,sload,smean,spkts,sttl"
RandomForest,combined_hold_L4,combined_hold,4,31.306,12,1.5839186243642616,1.2897816420440837,sttl,"dinpkt,djit,dload,dur,rate,sbytes,sinpkt,sjit,sload,smean,spkts,sttl"
RandomForest,ttl_mimic_L3,ttl_mimic,3,18.4214,2,1.3029789295228908,1.3019683216275166,sttl,"ct_state_ttl,sttl"
RandomForest,combined_hold_L3,combined_hold,3,16.462,12,1.5839186243642616,1.2897816420440837,sttl,"dinpkt,djit,dload,dur,rate,sbytes,sinpkt,sjit,sload,smean,spkts,sttl"
RandomForest,combined_mimic_L1,combined_mimic,1,9.9233,13,1.8939210462581884,1.5987734560426363,sttl,"ct_state_ttl,dinpkt,djit,dload,dur,rate,sbytes,sinpkt,sjit,sload,smean,spkts,sttl"
RandomForest,ttl_mimic_L1,ttl_mimic,1,4.4574,2,1.3029789295228908,1.3019683216275166,sttl,"ct_state_ttl,sttl"
RandomForest,ttl_hold_L3,ttl_hold,3,4.4352,1,0.9929765076289641,0.9929765076289641,sttl,sttl
RandomForest,combined_mimic_L2,combined_mimic,2,0.8135,13,1.8939210462581884,1.1557822717365036,sttl,"ct_state_ttl,dinpkt,djit,dload,dur,rate,sbytes,sinpkt,sjit,sload,smean,spkts,sttl"
RandomForest,combined_hold_L2,combined_hold,2,0.8002,12,1.5839186243642616,1.1528837490917954,sttl,"dinpkt,djit,dload,dur,rate,sbytes,sinpkt,sjit,sload,smean,spkts,sttl"
RandomForest,combined_hold_L1,combined_hold,1,0.7713,12,1.5839186243642616,1.2897816420440837,sttl,"dinpkt,djit,dload,dur,rate,sbytes,sinpkt,sjit,sload,smean,spkts,sttl"
RandomForest,timing_L4,timing,4,0.727,8,0.5909421167352974,0.2968051344151197,dinpkt,"dinpkt,djit,dload,dur,rate,sinpkt,sjit,sload"
RandomForest,ttl_mimic_L2,ttl_mimic,2,0.4965,2,1.3029789295228908,0.8590825865827062,sttl,"ct_state_ttl,sttl"
RandomForest,ttl_hold_L1,ttl_hold,1,0.4921,1,0.9929765076289641,0.9929765076289641,sttl,sttl
RandomForest,ttl_hold_L2,ttl_hold,2,0.4876,1,0.9929765076289641,0.856184063937998,sttl,sttl
RandomForest,timing_L3,timing,3,0.4167,8,0.5909421167352974,0.2968051344151197,dinpkt,"dinpkt,djit,dload,dur,rate,sinpkt,sjit,sload"
RandomForest,connection_rate_L4,connection_rate,4,0.3325,7,0.18890772584161653,0.1263138290142945,ct_dst_src_ltm,"ct_dst_ltm,ct_dst_sport_ltm,ct_dst_src_ltm,ct_src_dport_ltm,ct_src_ltm,ct_srv_dst,ct_srv_src"
RandomForest,timing_L2,timing,2,0.2416,8,0.5909421167352974,0.2968051344151197,dinpkt,"dinpkt,djit,dload,dur,rate,sinpkt,sjit,sload"
RandomForest,timing_L1,timing,1,0.2283,8,0.5909421167352974,0.2968051344151197,dinpkt,"dinpkt,djit,dload,dur,rate,sinpkt,sjit,sload"
RandomForest,connection_rate_L1,connection_rate,1,0.215,7,0.18890772584161653,0.1263138290142945,ct_dst_src_ltm,"ct_dst_ltm,ct_dst_sport_ltm,ct_dst_src_ltm,ct_src_dport_ltm,ct_src_ltm,ct_srv_dst,ct_srv_src"
RandomForest,connection_rate_L3,connection_rate,3,0.2106,7,0.18890772584161653,0.1263138290142945,ct_dst_src_ltm,"ct_dst_ltm,ct_dst_sport_ltm,ct_dst_src_ltm,ct_src_dport_ltm,ct_src_ltm,ct_srv_dst,ct_srv_src"
RandomForest,connection_rate_L2,connection_rate,2,0.1995,7,0.18890772584161653,0.1263138290142945,ct_dst_src_ltm,"ct_dst_ltm,ct_dst_sport_ltm,ct_dst_src_ltm,ct_src_dport_ltm,ct_src_ltm,ct_srv_dst,ct_srv_src"
RandomForest,padding_L1,padding,1,0.1485,6,0.06781302978930057,5.2216032937761435e-05,rate,"rate,sbytes,sinpkt,sload,smean,spkts"
RandomForest,padding_L4,padding,4,0.1352,6,0.06781302978930057,0.002492128844756796,rate,"rate,sbytes,sinpkt,sload,smean,spkts"
RandomForest,padding_L3,padding,3,0.1241,6,0.06781302978930057,0.0013854201985954106,rate,"rate,sbytes,sinpkt,sload,smean,spkts"
RandomForest,padding_L2,padding,2,0.1086,6,0.06781302978930057,0.0005445386292080836,rate,"rate,sbytes,sinpkt,sload,smean,spkts"
Transformer,combined_mimic_L4,combined_mimic,4,76.5595,13,3.887139743279272,3.8507916686849333,sttl,"ct_state_ttl,dinpkt,djit,dload,dur,rate,sbytes,sinpkt,sjit,sload,smean,spkts,sttl"
Transformer,combined_mimic_L3,combined_mimic,3,75.4448,13,3.887139743279272,3.8507502542988834,sttl,"ct_state_ttl,dinpkt,djit,dload,dur,rate,sbytes,sinpkt,sjit,sload,smean,spkts,sttl"
Transformer,ttl_mimic_L3,ttl_mimic,3,72.1006,2,3.768466941147986,3.7673379026398726,sttl,"ct_state_ttl,sttl"
Transformer,combined_mimic_L1,combined_mimic,1,70.2486,13,3.887139743279272,3.850878178735793,sttl,"ct_state_ttl,dinpkt,djit,dload,dur,rate,sbytes,sinpkt,sjit,sload,smean,spkts,sttl"
Transformer,ttl_mimic_L1,ttl_mimic,1,67.7851,2,3.768466941147986,3.7673379026398726,sttl,"ct_state_ttl,sttl"
Transformer,combined_hold_L4,combined_hold,4,30.7602,12,3.5408089125696534,3.505589876483428,sttl,"dinpkt,djit,dload,dur,rate,sbytes,sinpkt,sjit,sload,smean,spkts,sttl"
Transformer,combined_hold_L3,combined_hold,3,26.8156,12,3.5408089125696534,3.5055484620973782,sttl,"dinpkt,djit,dload,dur,rate,sbytes,sinpkt,sjit,sload,smean,spkts,sttl"
Transformer,combined_hold_L2,combined_hold,2,13.9795,12,3.5408089125696534,3.0342410753209186,sttl,"dinpkt,djit,dload,dur,rate,sbytes,sinpkt,sjit,sload,smean,spkts,sttl"
Transformer,combined_mimic_L2,combined_mimic,2,13.8471,13,3.887139743279272,3.0374792685880534,sttl,"ct_state_ttl,dinpkt,djit,dload,dur,rate,sbytes,sinpkt,sjit,sload,smean,spkts,sttl"
Transformer,combined_hold_L1,combined_hold,1,10.9465,12,3.5408089125696534,3.505676386534288,sttl,"dinpkt,djit,dload,dur,rate,sbytes,sinpkt,sjit,sload,smean,spkts,sttl"
Transformer,ttl_hold_L3,ttl_hold,3,10.6883,1,3.4221361104383674,3.4221361104383674,sttl,sttl
Transformer,ttl_hold_L2,ttl_hold,2,8.4676,1,3.4221361104383674,2.950702639864378,sttl,sttl
Transformer,ttl_hold_L1,ttl_hold,1,8.3396,1,3.4221361104383674,3.4221361104383674,sttl,sttl
Transformer,ttl_mimic_L2,ttl_mimic,2,8.333,2,3.768466941147986,2.953940833131513,sttl,"ct_state_ttl,sttl"
Transformer,padding_L4,padding,4,0.1236,6,0.06296924194721214,0.06288273189635236,smean,"rate,sbytes,sinpkt,sload,smean,spkts"
Transformer,padding_L1,padding,1,0.0773,6,0.06296924194721214,0.06296924194721214,smean,"rate,sbytes,sinpkt,sload,smean,spkts"
Transformer,padding_L3,padding,3,0.0728,6,0.06296924194721214,0.06284131751030246,smean,"rate,sbytes,sinpkt,sload,smean,spkts"
Transformer,timing_L2,timing,2,0.0441,8,0.05570356018407381,0.020571034148708166,dload,"dinpkt,djit,dload,dur,rate,sinpkt,sjit,sload"
Transformer,timing_L1,timing,1,0.0353,8,0.05570356018407381,0.020571034148708166,dload,"dinpkt,djit,dload,dur,rate,sinpkt,sjit,sload"
Transformer,timing_L4,timing,4,0.0265,8,0.05570356018407381,0.020571034148708166,dload,"dinpkt,djit,dload,dur,rate,sinpkt,sjit,sload"
Transformer,timing_L3,timing,3,0.0243,8,0.05570356018407381,0.020571034148708166,dload,"dinpkt,djit,dload,dur,rate,sinpkt,sjit,sload"
Transformer,padding_L2,padding,2,0.011,6,0.06296924194721214,0.06296740130783214,smean,"rate,sbytes,sinpkt,sload,smean,spkts"
Transformer,connection_rate_L1,connection_rate,1,0.0022,7,0.4020343908937093,0.2891244369096852,ct_srv_dst,"ct_dst_ltm,ct_dst_sport_ltm,ct_dst_src_ltm,ct_src_dport_ltm,ct_src_ltm,ct_srv_dst,ct_srv_src"
Transformer,connection_rate_L2,connection_rate,2,0.0,7,0.4020343908937093,0.2891244369096852,ct_srv_dst,"ct_dst_ltm,ct_dst_sport_ltm,ct_dst_src_ltm,ct_src_dport_ltm,ct_src_ltm,ct_srv_dst,ct_srv_src"
Transformer,connection_rate_L3,connection_rate,3,0.0,7,0.4020343908937093,0.2891244369096852,ct_srv_dst,"ct_dst_ltm,ct_dst_sport_ltm,ct_dst_src_ltm,ct_src_dport_ltm,ct_src_ltm,ct_srv_dst,ct_srv_src"
Transformer,connection_rate_L4,connection_rate,4,0.0,7,0.4020343908937093,0.2891244369096852,ct_srv_dst,"ct_dst_ltm,ct_dst_sport_ltm,ct_dst_src_ltm,ct_src_dport_ltm,ct_src_ltm,ct_srv_dst,ct_srv_src"
XGBoost,combined_mimic_L4,combined_mimic,4,96.9203,13,15.383870186485822,13.78585136837006,sttl,"ct_state_ttl,dinpkt,djit,dload,dur,rate,sbytes,sinpkt,sjit,sload,smean,spkts,sttl"
XGBoost,combined_hold_L4,combined_hold,4,96.4413,12,15.24824412690723,13.650667449745693,sttl,"dinpkt,djit,dload,dur,rate,sbytes,sinpkt,sjit,sload,smean,spkts,sttl"
XGBoost,combined_mimic_L3,combined_mimic,3,96.1702,13,15.383870186485822,13.778992274158387,sttl,"ct_state_ttl,dinpkt,djit,dload,dur,rate,sbytes,sinpkt,sjit,sload,smean,spkts,sttl"
XGBoost,combined_hold_L3,combined_hold,3,95.3116,12,15.24824412690723,13.64380835553402,sttl,"dinpkt,djit,dload,dur,rate,sbytes,sinpkt,sjit,sload,smean,spkts,sttl"
XGBoost,ttl_mimic_L3,ttl_mimic,3,51.0733,2,11.131024461128604,11.130582320174376,sttl,"ct_state_ttl,sttl"
XGBoost,ttl_hold_L3,ttl_hold,3,50.2101,1,10.99539840155001,10.99539840155001,sttl,sttl
XGBoost,combined_mimic_L1,combined_mimic,1,46.7825,13,15.383870186485822,13.773705473480256,sttl,"ct_state_ttl,dinpkt,djit,dload,dur,rate,sbytes,sinpkt,sjit,sload,smean,spkts,sttl"
XGBoost,combined_hold_L1,combined_hold,1,10.3484,12,15.24824412690723,13.63852155485589,sttl,"dinpkt,djit,dload,dur,rate,sbytes,sinpkt,sjit,sload,smean,spkts,sttl"
XGBoost,ttl_mimic_L1,ttl_mimic,1,8.7397,2,11.131024461128604,11.130582320174376,sttl,"ct_state_ttl,sttl"
XGBoost,ttl_hold_L1,ttl_hold,1,7.5873,1,10.99539840155001,10.99539840155001,sttl,sttl
XGBoost,ttl_hold_L2,ttl_hold,2,6.5141,1,10.99539840155001,9.48067231775248,sttl,sttl
XGBoost,ttl_mimic_L2,ttl_mimic,2,6.5096,2,11.131024461128604,9.48194042140954,sttl,"ct_state_ttl,sttl"
XGBoost,combined_hold_L2,combined_hold,2,5.1674,12,15.24824412690723,12.126218551707426,sttl,"dinpkt,djit,dload,dur,rate,sbytes,sinpkt,sjit,sload,smean,spkts,sttl"
XGBoost,combined_mimic_L2,combined_mimic,2,5.1516,13,15.383870186485822,12.127486655364486,sttl,"ct_state_ttl,dinpkt,djit,dload,dur,rate,sbytes,sinpkt,sjit,sload,smean,spkts,sttl"
XGBoost,padding_L1,padding,1,1.2314,6,2.3807217243884624,1.8167331072898953,sbytes,"rate,sbytes,sinpkt,sload,smean,spkts"
XGBoost,padding_L4,padding,4,1.1975,6,2.3807217243884624,1.8355887624122007,sbytes,"rate,sbytes,sinpkt,sload,smean,spkts"
XGBoost,timing_L4,timing,4,1.1184,8,2.153063695810124,0.9207712036812802,dload,"dinpkt,djit,dload,dur,rate,sinpkt,sjit,sload"
XGBoost,padding_L3,padding,3,0.9851,6,2.3807217243884624,1.8256862194235834,sbytes,"rate,sbytes,sinpkt,sload,smean,spkts"
XGBoost,padding_L2,padding,2,0.9625,6,2.3807217243884624,1.8207991281181828,sbytes,"rate,sbytes,sinpkt,sload,smean,spkts"
XGBoost,timing_L3,timing,3,0.8586,8,2.153063695810124,0.9207712036812802,dload,"dinpkt,djit,dload,dur,rate,sinpkt,sjit,sload"
XGBoost,timing_L2,timing,2,0.653,8,2.153063695810124,0.9207712036812802,dload,"dinpkt,djit,dload,dur,rate,sinpkt,sjit,sload"
XGBoost,timing_L1,timing,1,0.601,8,2.153063695810124,0.9207712036812802,dload,"dinpkt,djit,dload,dur,rate,sinpkt,sjit,sload"
XGBoost,connection_rate_L2,connection_rate,2,0.5581,7,1.550012109469597,1.1391960280939635,ct_dst_src_ltm,"ct_dst_ltm,ct_dst_sport_ltm,ct_dst_src_ltm,ct_src_dport_ltm,ct_src_ltm,ct_srv_dst,ct_srv_src"
XGBoost,connection_rate_L1,connection_rate,1,0.4971,7,1.550012109469597,1.1391960280939635,ct_dst_src_ltm,"ct_dst_ltm,ct_dst_sport_ltm,ct_dst_src_ltm,ct_src_dport_ltm,ct_src_ltm,ct_srv_dst,ct_srv_src"
XGBoost,connection_rate_L3,connection_rate,3,0.4903,7,1.550012109469597,1.1391960280939635,ct_dst_src_ltm,"ct_dst_ltm,ct_dst_sport_ltm,ct_dst_src_ltm,ct_src_dport_ltm,ct_src_ltm,ct_srv_dst,ct_srv_src"
XGBoost,connection_rate_L4,connection_rate,4,0.3254,7,1.550012109469597,1.1391960280939635,ct_dst_src_ltm,"ct_dst_ltm,ct_dst_sport_ltm,ct_dst_src_ltm,ct_src_dport_ltm,ct_src_ltm,ct_srv_dst,ct_srv_src"
