variant,feature,rows_changed,pct_rows_changed,mean_abs_delta,median_abs_delta,max_abs_delta
ttl_hold_L1,sttl,45332,100.0,163.92768904967792,190.0,191.0
ttl_hold_L2,sttl,39087,86.224,191.79287231048687,192.0,193.0
ttl_hold_L3,sttl,45332,100.0,196.287787876114,223.0,224.0
ttl_mimic_L1,sttl,45332,100.0,163.92768904967792,190.0,191.0
ttl_mimic_L1,ct_state_ttl,45184,99.674,1.6818564093484418,2.0,6.0
ttl_mimic_L2,sttl,39087,86.224,191.79287231048687,192.0,193.0
ttl_mimic_L2,ct_state_ttl,424,0.935,2.672169811320755,2.0,5.0
ttl_mimic_L3,sttl,45332,100.0,196.287787876114,223.0,224.0
ttl_mimic_L3,ct_state_ttl,45184,99.674,1.6818564093484418,2.0,6.0
padding_L1,spkts,46,0.101,1.1956521739130435,1.0,10.0
padding_L1,sbytes,45332,100.0,1120.083759816465,21.0,1435578.0
padding_L1,rate,35,0.077,98996.44793793002,90909.0902,250000.0006
padding_L1,sload,45230,99.775,8843279.4321562,5333333.052631587,528000025.65831375
padding_L1,sinpkt,35,0.077,2.0921032617928184,0.0055,36.380331999999996
padding_L1,smean,45332,100.0,13.261426806670784,6.0,677.0
padding_L2,spkts,375,0.827,77.07466666666667,8.0,1318.0
padding_L2,sbytes,45332,100.0,2798.9579767051973,50.0,3588944.0
padding_L2,rate,364,0.803,28375.042549315982,6.3381616338697455,500000.0013
padding_L2,sload,45230,99.775,21411271.46193998,12888888.21052631,1318000064.0485954
padding_L2,sinpkt,364,0.803,0.8047137416372844,0.528614858695653,36.380331999999996
padding_L2,smean,45330,99.996,31.58698433708361,15.0,564.0
padding_L3,spkts,937,2.067,105.27641408751334,11.0,3710.0
padding_L3,sbytes,45332,100.0,5597.341877702285,100.0,7177887.0
padding_L3,rate,926,2.043,18603.465637825735,12.879121747899163,500000.0013
padding_L3,sload,45230,99.775,42489274.871094644,25333332.0,2634000128.0
padding_L3,sinpkt,926,2.043,2.7049524387287995,1.8263204389220582,82.78017460869569
padding_L3,smean,45206,99.722,57.848559925673584,29.0,500.0
padding_L4,spkts,1677,3.699,149.05485986881337,18.0,8496.0
padding_L4,sbytes,45332,100.0,11194.66346069002,200.0,14355774.0
padding_L4,rate,1666,3.675,26070.61562900122,22.436125313737435,1000000.0025999999
padding_L4,sload,45230,99.775,84978428.4024514,50666664.0,5268000256.0
padding_L4,sinpkt,1666,3.675,31.409707764419966,4.296677574684431,15507.031
padding_L4,smean,45247,99.812,104.73333038654496,57.0,750.0
timing_L1,dur,45295,99.918,0.5013504274754388,5.000000000000001e-06,29.9997635
timing_L1,rate,45228,99.771,42275.46030098827,33333.33416666667,333333.3343333334
timing_L1,sload,45228,99.771,28327395.198463935,16888888.0,1756000085.3333335
timing_L1,dload,15517,34.23,23425.44173338704,2234.8396810000004,772393.3333333333
timing_L1,sinpkt,45228,99.771,40.50851391562749,0.004999999999999999,22364.951999999997
timing_L1,dinpkt,15517,34.23,113.66572110920282,36.9673555,24428.799999999996
timing_L1,sjit,16224,35.789,6928.016738727658,1689.6881329999999,574945.9750000003
timing_L1,djit,15245,33.63,663.2113964438831,76.29510150000002,118653.43165000001
timing_L2,dur,45295,99.918,1.0027008549508776,1e-05,59.999527
timing_L2,rate,45228,99.771,63413.19045148242,50000.00125,500000.0015
timing_L2,sload,45228,99.771,42491092.797695905,25333332.0,2634000128.0
timing_L2,dload,15517,34.23,35138.162600080555,3352.2595215,1158590.0
timing_L2,sinpkt,45228,99.771,81.01702783125496,0.01,44729.904
timing_L2,dinpkt,15517,34.23,227.3314422184056,73.934711,48857.6
timing_L2,sjit,16224,35.789,13856.033477455316,3379.376266,1149891.95
timing_L2,djit,15245,33.63,1326.4227928877663,152.590203,237306.8633
timing_L3,dur,45295,99.918,4.01080341980351,4e-05,239.998108
timing_L3,rate,45228,99.771,101461.10472237185,80000.00200000001,800000.0024
timing_L3,sload,45228,99.771,67985748.47631344,40533331.2,4214400204.8
timing_L3,dload,15517,34.23,56221.06016012889,5363.6152344,1853744.0
timing_L3,sinpkt,45228,99.771,324.06811132501986,0.04,178919.616
timing_L3,dinpkt,15517,34.23,909.3257688736225,295.738844,195430.4
timing_L3,sjit,16224,35.789,55424.13390982126,13517.505064,4599567.8
timing_L3,djit,15245,33.63,5305.691171551065,610.360812,949227.4532
timing_L4,dur,45295,99.918,9.024307694557898,9e-05,539.995743
timing_L4,rate,45228,99.771,114143.74281266835,90000.00225,900000.0027000001
timing_L4,sload,45228,99.771,76483967.03585261,45599997.6,4741200230.4
timing_L4,dload,15517,34.23,63248.692680144995,6034.0671387,2085462.0
timing_L4,sinpkt,45228,99.771,729.1532504812948,0.09000000000000001,402569.13600000006
timing_L4,dinpkt,15517,34.23,2045.9829799656507,665.4123989999999,439718.4
timing_L4,sjit,16224,35.789,124704.30129709785,30414.386394,10349027.55
timing_L4,djit,15245,33.63,11937.805135989896,1373.311827,2135761.7697
connection_rate_L1,ct_srv_src,36052,79.529,4.229141240430489,3.0,16.0
connection_rate_L1,ct_dst_ltm,30902,68.168,3.068312730567601,2.0,15.0
connection_rate_L1,ct_src_dport_ltm,28030,61.833,3.2328933285765253,2.0,15.0
connection_rate_L1,ct_dst_sport_ltm,25783,56.876,2.691773649303805,1.0,10.0
connection_rate_L1,ct_dst_src_ltm,30829,68.007,4.026987576632392,2.0,16.0
connection_rate_L1,ct_src_ltm,34251,75.556,3.1329304253890395,2.0,15.0
connection_rate_L1,ct_srv_dst,33629,74.184,4.373962948645515,3.0,16.0
connection_rate_L2,ct_srv_src,36052,79.529,7.944829690447132,5.0,32.0
connection_rate_L2,ct_dst_ltm,30902,68.168,5.630606433240567,3.0,30.0
connection_rate_L2,ct_src_dport_ltm,28030,61.833,5.981412772029968,3.0,30.0
connection_rate_L2,ct_dst_sport_ltm,25783,56.876,4.883217624015824,2.0,19.0
connection_rate_L2,ct_dst_src_ltm,30829,68.007,7.602646858477407,4.0,32.0
connection_rate_L2,ct_src_ltm,34251,75.556,5.759744241044057,3.0,30.0
connection_rate_L2,ct_srv_dst,33629,74.184,8.231972404769692,6.0,31.0
connection_rate_L3,ct_srv_src,36052,79.529,11.81390768889382,8.0,48.0
connection_rate_L3,ct_dst_ltm,30902,68.168,8.213772571354605,4.0,45.0
connection_rate_L3,ct_src_dport_ltm,28030,61.833,8.766107741705316,5.0,45.0
connection_rate_L3,ct_dst_sport_ltm,25783,56.876,7.089865415196059,3.0,29.0
connection_rate_L3,ct_dst_src_ltm,30829,68.007,11.223653053942716,6.0,48.0
connection_rate_L3,ct_src_ltm,34251,75.556,8.417739628040056,5.0,45.0
connection_rate_L3,ct_srv_dst,33629,74.184,12.250081774658776,9.0,47.0
connection_rate_L4,ct_srv_src,36052,79.529,14.402529679352048,9.0,62.0
connection_rate_L4,ct_dst_ltm,30902,68.168,9.838942463270985,4.0,58.0
connection_rate_L4,ct_src_dport_ltm,28030,61.833,10.540313949339993,5.0,58.0
connection_rate_L4,ct_dst_sport_ltm,25783,56.876,8.38110382810379,3.0,37.0
connection_rate_L4,ct_dst_src_ltm,30829,68.007,13.739498524116902,6.0,62.0
connection_rate_L4,ct_src_ltm,34251,75.556,10.062187965314882,5.0,59.0
connection_rate_L4,ct_srv_dst,33629,74.184,14.972910285765263,10.0,61.0
combined_hold_L1,dur,45295,99.918,0.5013504274754388,5.000000000000001e-06,29.9997635
combined_hold_L1,spkts,46,0.101,1.1956521739130435,1.0,10.0
combined_hold_L1,sbytes,45332,100.0,1120.083759816465,21.0,1435578.0
combined_hold_L1,rate,45228,99.771,42275.460146187004,33333.33416666667,333333.3343333334
combined_hold_L1,sttl,45332,100.0,163.92768904967792,190.0,191.0
combined_hold_L1,sload,45230,99.775,22430623.081788328,13333332.631578945,1404000068.2277908
combined_hold_L1,dload,15517,34.23,23425.44173338704,2234.8396810000004,772393.3333333333
combined_hold_L1,sinpkt,45228,99.771,40.50608918048014,0.004999999999999999,22364.951999999997
combined_hold_L1,dinpkt,15517,34.23,113.66572110920282,36.9673555,24428.799999999996
combined_hold_L1,sjit,16224,35.789,6928.016738727658,1689.6881329999999,574945.9750000003
combined_hold_L1,djit,15245,33.63,663.2113964438831,76.29510150000002,118653.43165000001
combined_hold_L1,smean,45332,100.0,13.261426806670784,6.0,677.0
combined_hold_L2,dur,45295,99.918,1.0027008549508776,1e-05,59.999527
combined_hold_L2,spkts,375,0.827,77.07466666666667,8.0,1318.0
combined_hold_L2,sbytes,45332,100.0,2798.9579767051973,50.0,3588944.0
combined_hold_L2,rate,45158,99.616,63397.12830496637,50000.00125,500000.0015
combined_hold_L2,sttl,39087,86.224,191.79287231048687,192.0,193.0
combined_hold_L2,sload,45230,99.775,31783578.397339456,18888887.894736845,1975000095.9757023
combined_hold_L2,dload,15517,34.23,35138.162600080555,3352.2595215,1158590.0
combined_hold_L2,sinpkt,45157,99.614,81.13143705622801,0.01,44729.904
combined_hold_L2,dinpkt,15517,34.23,227.3314422184056,73.934711,48857.6
combined_hold_L2,sjit,16224,35.789,13856.033477455316,3379.376266,1149891.95
combined_hold_L2,djit,15245,33.63,1326.4227928877663,152.590203,237306.8633
combined_hold_L2,smean,45330,99.996,31.58698433708361,15.0,564.0
combined_hold_L3,dur,45295,99.918,4.01080341980351,4e-05,239.998108
combined_hold_L3,spkts,937,2.067,105.27641408751334,11.0,3710.0
combined_hold_L3,sbytes,45332,100.0,5597.341877702285,100.0,7177887.0
combined_hold_L3,rate,45228,99.771,101384.92709267067,80000.00200000001,800000.0024
combined_hold_L3,sttl,45332,100.0,196.287787876114,223.0,224.0
combined_hold_L3,sload,45230,99.775,59484887.630410776,35466664.8,3687600179.2
combined_hold_L3,dload,15517,34.23,56221.06016012889,5363.6152344,1853744.0
combined_hold_L3,sinpkt,45228,99.771,323.7912047673275,0.04,178919.616
combined_hold_L3,dinpkt,15517,34.23,909.3257688736225,295.738844,195430.4
combined_hold_L3,sjit,16224,35.789,55424.13390982126,13517.505064,4599567.8
combined_hold_L3,djit,15245,33.63,5305.691171551065,610.360812,949227.4532
combined_hold_L3,smean,45206,99.722,57.848559925673584,29.0,500.0
combined_hold_L4,dur,45295,99.918,9.024307694557898,9e-05,539.995743
combined_hold_L4,spkts,1677,3.699,149.05485986881337,18.0,8496.0
combined_hold_L4,sbytes,45332,100.0,11194.66346069002,200.0,14355774.0
combined_hold_L4,rate,45228,99.771,114047.71016555172,90000.00225,900000.0027000001
combined_hold_L4,sttl,45332,100.0,196.287787876114,223.0,224.0
combined_hold_L4,sload,45230,99.775,67982742.83929251,40533331.2,4214400204.8
combined_hold_L4,dload,15517,34.23,63248.692680144995,6034.0671387,2085462.0
combined_hold_L4,sinpkt,45228,99.771,717.5832997570701,0.081,402569.13600000006
combined_hold_L4,dinpkt,15517,34.23,2045.9829799656507,665.4123989999999,439718.4
combined_hold_L4,sjit,16224,35.789,124704.30129709785,30414.386394,10349027.55
combined_hold_L4,djit,15245,33.63,11937.805135989896,1373.311827,2135761.7697
combined_hold_L4,smean,45247,99.812,104.73333038654496,57.0,750.0
combined_mimic_L1,dur,45295,99.918,0.5013504274754388,5.000000000000001e-06,29.9997635
combined_mimic_L1,spkts,46,0.101,1.1956521739130435,1.0,10.0
combined_mimic_L1,sbytes,45332,100.0,1120.083759816465,21.0,1435578.0
combined_mimic_L1,rate,45228,99.771,42275.460146187004,33333.33416666667,333333.3343333334
combined_mimic_L1,sttl,45332,100.0,163.92768904967792,190.0,191.0
combined_mimic_L1,sload,45230,99.775,22430623.081788328,13333332.631578945,1404000068.2277908
combined_mimic_L1,dload,15517,34.23,23425.44173338704,2234.8396810000004,772393.3333333333
combined_mimic_L1,sinpkt,45228,99.771,40.50608918048014,0.004999999999999999,22364.951999999997
combined_mimic_L1,dinpkt,15517,34.23,113.66572110920282,36.9673555,24428.799999999996
combined_mimic_L1,sjit,16224,35.789,6928.016738727658,1689.6881329999999,574945.9750000003
combined_mimic_L1,djit,15245,33.63,663.2113964438831,76.29510150000002,118653.43165000001
combined_mimic_L1,smean,45332,100.0,13.261426806670784,6.0,677.0
combined_mimic_L1,ct_state_ttl,45184,99.674,1.6818564093484418,2.0,6.0
combined_mimic_L2,dur,45295,99.918,1.0027008549508776,1e-05,59.999527
combined_mimic_L2,spkts,375,0.827,77.07466666666667,8.0,1318.0
combined_mimic_L2,sbytes,45332,100.0,2798.9579767051973,50.0,3588944.0
combined_mimic_L2,rate,45158,99.616,63397.12830496637,50000.00125,500000.0015
combined_mimic_L2,sttl,39087,86.224,191.79287231048687,192.0,193.0
combined_mimic_L2,sload,45230,99.775,31783578.397339456,18888887.894736845,1975000095.9757023
combined_mimic_L2,dload,15517,34.23,35138.162600080555,3352.2595215,1158590.0
combined_mimic_L2,sinpkt,45157,99.614,81.13143705622801,0.01,44729.904
combined_mimic_L2,dinpkt,15517,34.23,227.3314422184056,73.934711,48857.6
combined_mimic_L2,sjit,16224,35.789,13856.033477455316,3379.376266,1149891.95
combined_mimic_L2,djit,15245,33.63,1326.4227928877663,152.590203,237306.8633
combined_mimic_L2,smean,45330,99.996,31.58698433708361,15.0,564.0
combined_mimic_L2,ct_state_ttl,424,0.935,2.672169811320755,2.0,5.0
combined_mimic_L3,dur,45295,99.918,4.01080341980351,4e-05,239.998108
combined_mimic_L3,spkts,937,2.067,105.27641408751334,11.0,3710.0
combined_mimic_L3,sbytes,45332,100.0,5597.341877702285,100.0,7177887.0
combined_mimic_L3,rate,45228,99.771,101384.92709267067,80000.00200000001,800000.0024
combined_mimic_L3,sttl,45332,100.0,196.287787876114,223.0,224.0
combined_mimic_L3,sload,45230,99.775,59484887.630410776,35466664.8,3687600179.2
combined_mimic_L3,dload,15517,34.23,56221.06016012889,5363.6152344,1853744.0
combined_mimic_L3,sinpkt,45228,99.771,323.7912047673275,0.04,178919.616
combined_mimic_L3,dinpkt,15517,34.23,909.3257688736225,295.738844,195430.4
combined_mimic_L3,sjit,16224,35.789,55424.13390982126,13517.505064,4599567.8
combined_mimic_L3,djit,15245,33.63,5305.691171551065,610.360812,949227.4532
combined_mimic_L3,smean,45206,99.722,57.848559925673584,29.0,500.0
combined_mimic_L3,ct_state_ttl,45184,99.674,1.6818564093484418,2.0,6.0
combined_mimic_L4,dur,45295,99.918,9.024307694557898,9e-05,539.995743
combined_mimic_L4,spkts,1677,3.699,149.05485986881337,18.0,8496.0
combined_mimic_L4,sbytes,45332,100.0,11194.66346069002,200.0,14355774.0
combined_mimic_L4,rate,45228,99.771,114047.71016555172,90000.00225,900000.0027000001
combined_mimic_L4,sttl,45332,100.0,196.287787876114,223.0,224.0
combined_mimic_L4,sload,45230,99.775,67982742.83929251,40533331.2,4214400204.8
combined_mimic_L4,dload,15517,34.23,63248.692680144995,6034.0671387,2085462.0
combined_mimic_L4,sinpkt,45228,99.771,717.5832997570701,0.081,402569.13600000006
combined_mimic_L4,dinpkt,15517,34.23,2045.9829799656507,665.4123989999999,439718.4
combined_mimic_L4,sjit,16224,35.789,124704.30129709785,30414.386394,10349027.55
combined_mimic_L4,djit,15245,33.63,11937.805135989896,1373.311827,2135761.7697
combined_mimic_L4,smean,45247,99.812,104.73333038654496,57.0,750.0
combined_mimic_L4,ct_state_ttl,45184,99.674,1.6818564093484418,2.0,6.0
ttl_both_L1,sttl,45332,100.0,196.287787876114,223.0,224.0
ttl_both_L1,dttl,15519,34.234,220.22926734970036,223.0,224.0
ttl_both_L1,ct_state_ttl,45184,99.674,1.6818564093484418,2.0,6.0
