variant,type,level,description,params,n_rows,n_features_changed,features_changed,ct_policy,ct_resolved_exact,ct_resolved_normal_fallback,ct_resolved_constant_fallback,rows_zero_dur,rows_single_packet,rows_needing_extra_packets,seed,checks_run,checks_failed
identity_L0,identity,0,control: nicio modificare,{},45332,0,,none,0,0,0,0,0,0,42,45,0
ttl_hold_L1,ttl_hold,1,"sttl -> tinta, ct_state_ttl pastrat","{""ct_state_ttl_policy"": ""hold"", ""target_sttl"": 64}",45332,1,sttl,hold,0,0,0,0,0,0,42,45,0
ttl_hold_L2,ttl_hold,2,"sttl -> tinta, ct_state_ttl pastrat","{""ct_state_ttl_policy"": ""hold"", ""target_sttl"": 62}",45332,1,sttl,hold,0,0,0,0,0,0,42,45,0
ttl_hold_L3,ttl_hold,3,"sttl -> tinta, ct_state_ttl pastrat","{""ct_state_ttl_policy"": ""hold"", ""target_sttl"": 31}",45332,1,sttl,hold,0,0,0,0,0,0,42,45,0
ttl_mimic_L1,ttl_mimic,1,"sttl -> tinta, ct_state_ttl mimetizat","{""ct_state_ttl_policy"": ""mimic"", ""target_sttl"": 64}",45332,2,"sttl,ct_state_ttl",mimic,29678,15654,0,0,0,0,42,45,0
ttl_mimic_L2,ttl_mimic,2,"sttl -> tinta, ct_state_ttl mimetizat","{""ct_state_ttl_policy"": ""mimic"", ""target_sttl"": 62}",45332,2,"sttl,ct_state_ttl",mimic,44970,362,0,0,0,0,42,45,0
ttl_mimic_L3,ttl_mimic,3,"sttl -> tinta, ct_state_ttl mimetizat","{""ct_state_ttl_policy"": ""mimic"", ""target_sttl"": 31}",45332,2,"sttl,ct_state_ttl",mimic,29678,15654,0,0,0,0,42,45,0
padding_L1,padding,1,umplutura in payload-ul sursei,"{""padding_fraction"": 0.1}",45332,6,"spkts,sbytes,rate,sload,sinpkt,smean",none,0,0,0,37,90,46,42,45,0
padding_L2,padding,2,umplutura in payload-ul sursei,"{""padding_fraction"": 0.25}",45332,6,"spkts,sbytes,rate,sload,sinpkt,smean",none,0,0,0,37,90,375,42,45,0
padding_L3,padding,3,umplutura in payload-ul sursei,"{""padding_fraction"": 0.5}",45332,6,"spkts,sbytes,rate,sload,sinpkt,smean",none,0,0,0,37,90,937,42,45,0
padding_L4,padding,4,umplutura in payload-ul sursei,"{""padding_fraction"": 1.0}",45332,6,"spkts,sbytes,rate,sload,sinpkt,smean",none,0,0,0,37,90,1677,42,45,0
timing_L1,timing,1,dilatarea duratei fluxului,"{""duration_factor"": 1.5}",45332,8,"dur,rate,sload,dload,sinpkt,dinpkt,sjit,djit",none,0,0,0,37,90,0,42,45,0
timing_L2,timing,2,dilatarea duratei fluxului,"{""duration_factor"": 2.0}",45332,8,"dur,rate,sload,dload,sinpkt,dinpkt,sjit,djit",none,0,0,0,37,90,0,42,45,0
timing_L3,timing,3,dilatarea duratei fluxului,"{""duration_factor"": 5.0}",45332,8,"dur,rate,sload,dload,sinpkt,dinpkt,sjit,djit",none,0,0,0,37,90,0,42,45,0
timing_L4,timing,4,dilatarea duratei fluxului,"{""duration_factor"": 10.0}",45332,8,"dur,rate,sload,dload,sinpkt,dinpkt,sjit,djit",none,0,0,0,37,90,0,42,45,0
connection_rate_L1,connection_rate,1,reducerea contoarelor de conexiuni,"{""connection_rate_scale"": 0.75}",45332,7,"ct_srv_src,ct_dst_ltm,ct_src_dport_ltm,ct_dst_sport_ltm,ct_dst_src_ltm,ct_src_ltm,ct_srv_dst",none,0,0,0,0,0,0,42,45,0
connection_rate_L2,connection_rate,2,reducerea contoarelor de conexiuni,"{""connection_rate_scale"": 0.5}",45332,7,"ct_srv_src,ct_dst_ltm,ct_src_dport_ltm,ct_dst_sport_ltm,ct_dst_src_ltm,ct_src_ltm,ct_srv_dst",none,0,0,0,0,0,0,42,45,0
connection_rate_L3,connection_rate,3,reducerea contoarelor de conexiuni,"{""connection_rate_scale"": 0.25}",45332,7,"ct_srv_src,ct_dst_ltm,ct_src_dport_ltm,ct_dst_sport_ltm,ct_dst_src_ltm,ct_src_ltm,ct_srv_dst",none,0,0,0,0,0,0,42,45,0
connection_rate_L4,connection_rate,4,reducerea contoarelor de conexiuni,"{""connection_rate_scale"": 0.0}",45332,7,"ct_srv_src,ct_dst_ltm,ct_src_dport_ltm,ct_dst_sport_ltm,ct_dst_src_ltm,ct_src_ltm,ct_srv_dst",none,0,0,0,0,0,0,42,45,0
combined_hold_L1,combined_hold,1,"TTL+padding+timing, ct_state_ttl pastrat","{""ct_state_ttl_policy"": ""hold"", ""duration_factor"": 1.5, ""padding_fraction"": 0.1, ""target_sttl"": 64}",45332,12,"dur,spkts,sbytes,rate,sttl,sload,dload,sinpkt,dinpkt,sjit,djit,smean",hold,0,0,0,37,90,46,42,45,0
combined_hold_L2,combined_hold,2,"TTL+padding+timing, ct_state_ttl pastrat","{""ct_state_ttl_policy"": ""hold"", ""duration_factor"": 2.0, ""padding_fraction"": 0.25, ""target_sttl"": 62}",45332,12,"dur,spkts,sbytes,rate,sttl,sload,dload,sinpkt,dinpkt,sjit,djit,smean",hold,0,0,0,37,90,375,42,45,0
combined_hold_L3,combined_hold,3,"TTL+padding+timing, ct_state_ttl pastrat","{""ct_state_ttl_policy"": ""hold"", ""duration_factor"": 5.0, ""padding_fraction"": 0.5, ""target_sttl"": 31}",45332,12,"dur,spkts,sbytes,rate,sttl,sload,dload,sinpkt,dinpkt,sjit,djit,smean",hold,0,0,0,37,90,937,42,45,0
combined_hold_L4,combined_hold,4,"TTL+padding+timing, ct_state_ttl pastrat","{""ct_state_ttl_policy"": ""hold"", ""duration_factor"": 10.0, ""padding_fraction"": 1.0, ""target_sttl"": 31}",45332,12,"dur,spkts,sbytes,rate,sttl,sload,dload,sinpkt,dinpkt,sjit,djit,smean",hold,0,0,0,37,90,1677,42,45,0
combined_mimic_L1,combined_mimic,1,"TTL+padding+timing, ct_state_ttl mimetizat","{""ct_state_ttl_policy"": ""mimic"", ""duration_factor"": 1.5, ""padding_fraction"": 0.1, ""target_sttl"": 64}",45332,13,"dur,spkts,sbytes,rate,sttl,sload,dload,sinpkt,dinpkt,sjit,djit,smean,ct_state_ttl",mimic,29678,15654,0,37,90,46,42,45,0
combined_mimic_L2,combined_mimic,2,"TTL+padding+timing, ct_state_ttl mimetizat","{""ct_state_ttl_policy"": ""mimic"", ""duration_factor"": 2.0, ""padding_fraction"": 0.25, ""target_sttl"": 62}",45332,13,"dur,spkts,sbytes,rate,sttl,sload,dload,sinpkt,dinpkt,sjit,djit,smean,ct_state_ttl",mimic,44970,362,0,37,90,375,42,45,0
combined_mimic_L3,combined_mimic,3,"TTL+padding+timing, ct_state_ttl mimetizat","{""ct_state_ttl_policy"": ""mimic"", ""duration_factor"": 5.0, ""padding_fraction"": 0.5, ""target_sttl"": 31}",45332,13,"dur,spkts,sbytes,rate,sttl,sload,dload,sinpkt,dinpkt,sjit,djit,smean,ct_state_ttl",mimic,29678,15654,0,37,90,937,42,45,0
combined_mimic_L4,combined_mimic,4,"TTL+padding+timing, ct_state_ttl mimetizat","{""ct_state_ttl_policy"": ""mimic"", ""duration_factor"": 10.0, ""padding_fraction"": 1.0, ""target_sttl"": 31}",45332,13,"dur,spkts,sbytes,rate,sttl,sload,dload,sinpkt,dinpkt,sjit,djit,smean,ct_state_ttl",mimic,29678,15654,0,37,90,1677,42,45,0
ttl_both_L1,ttl_both,1,NEREALIST: perturba si dttl (referinta margine sup.),"{""ct_state_ttl_policy"": ""mimic"", ""target_dttl"": 29, ""target_sttl"": 31}",45332,3,"sttl,dttl,ct_state_ttl",mimic,45196,136,0,0,0,0,42,44,0
