id,dur,proto,service,state,spkts,dpkts,sbytes,dbytes,rate,sttl,dttl,sload,dload,sloss,dloss,sinpkt,dinpkt,sjit,djit,swin,stcpb,dtcpb,dwin,tcprtt,synack,ackdat,smean,dmean,trans_depth,response_body_len,ct_srv_src,ct_state_ttl,ct_dst_ltm,ct_src_dport_ltm,ct_dst_sport_ltm,ct_dst_src_ltm,is_ftp_login,ct_ftp_cmd,ct_flw_http_mthd,ct_src_ltm,ct_srv_dst,is_sm_ips_ports
244,9.21987,ospf,-,INT,20,0,1280,0,2.0607666,254,0,1055.1125,0.0,0,0,485.25633,0.0,522.53805,0.0,0,0,0,0,0.0,0.0,0.0,64,0,0,0,1,2,1,1,1,2,0,0,0,1,1,0
245,9.21987,ospf,-,INT,20,0,1280,0,2.0607666,254,0,1055.1125,0.0,0,0,485.25633,0.0,522.53805,0.0,0,0,0,0,0.0,0.0,0.0,64,0,0,0,1,2,1,1,1,2,0,0,0,1,1,0
246,9.21987,ospf,-,INT,20,0,1280,0,2.0607666,254,0,1055.1125,0.0,0,0,485.25633,0.0,522.53805,0.0,0,0,0,0,0.0,0.0,0.0,64,0,0,0,1,2,1,1,1,2,0,0,0,1,1,0
247,9.21987,ospf,-,INT,20,0,1280,0,2.0607666,254,0,1055.1125,0.0,0,0,485.25633,0.0,522.53805,0.0,0,0,0,0,0.0,0.0,0.0,64,0,0,0,1,2,1,1,1,2,0,0,0,1,1,0
248,9e-05,sctp,-,INT,2,0,104,0,11111.11072,254,0,4622222.0,0.0,0,0,0.09,0.0,0.0,0.0,0,0,0,0,0.0,0.0,0.0,52,0,0,0,1,2,2,1,1,2,0,0,0,1,1,0
249,9e-05,gre,-,INT,2,0,156,0,11111.11072,254,0,6933332.8,0.0,0,0,0.09,0.0,0.0,0.0,0,0,0,0,0.0,0.0,0.0,78,0,0,0,1,2,1,1,1,63,0,0,0,1,1,0
250,9e-05,gre,-,INT,2,0,156,0,11111.11072,254,0,6933332.8,0.0,0,0,0.09,0.0,0.0,0.0,0,0,0,0,0.0,0.0,0.0,78,0,0,0,1,2,1,1,1,63,0,0,0,1,1,0
251,9e-05,gre,-,INT,2,0,156,0,11111.11072,254,0,6933332.8,0.0,0,0,0.09,0.0,0.0,0.0,0,0,0,0,0.0,0.0,0.0,78,0,0,0,1,2,1,1,1,63,0,0,0,1,1,0
252,9e-05,gre,-,INT,2,0,156,0,11111.11072,254,0,6933332.8,0.0,0,0,0.09,0.0,0.0,0.0,0,0,0,0,0.0,0.0,0.0,78,0,0,0,1,2,1,1,1,63,0,0,0,1,1,0
253,0.00015999999999999999,udp,-,INT,2,0,196,0,6250.000016,254,0,4900000.0,0.0,0,0,0.16,0.0,0.0,0.0,0,0,0,0,0.0,0.0,0.0,98,0,0,0,1,2,1,1,1,1,0,0,0,1,1,0
254,2.24524,tcp,http,FIN,10,8,830,960,7.5715734,62,252,2661.630664,2992.998438,2,2,249.47111,304.07428,13449.46273,543.42605,255,3306255269,327760033,255,0.055643,0.00698,0.048663,83,120,1,66,3,1,2,2,1,2,0,0,1,2,3,0
255,4.09782,tcp,http,FIN,10,8,852,1336,4.1485474,62,252,1497.381543,2282.1890630000003,2,2,455.31332999999995,463.74145,22611.12342,786.1516399999999,255,110924759,1029042703,255,0.123943,0.056063,0.06788,85,167,1,235,2,1,2,2,1,3,0,0,1,2,2,0
256,2.58515,tcp,http,FIN,10,6,1064,268,5.8023712000000005,254,252,2964.624805,693.1899414000001,2,1,287.23888999999997,433.26602,13933.21027,763.55812,255,1105088469,46488383,255,0.05861,0.011825,0.046785,106,45,1,0,3,1,1,1,1,1,0,0,1,1,2,0
257,6.74665,tcp,-,FIN,10,8,564,354,2.5197692,254,252,602.3730469,367.58984380000004,2,1,749.62778,906.28141,53941.267289999996,1302.06961,255,2485378508,4071225561,255,0.07321,0.039567,0.033643,56,44,0,0,2,1,1,1,1,1,0,0,0,1,1,0
258,56.003910000000005,tcp,http,FIN,12,12,886,5236,0.4106856,62,252,116.1347534,685.6664062,2,3,5091.26466,5058.74182,388936.7089,361694.2875,255,3330056193,2684670015,255,0.060118,0.010067,0.050051,74,436,1,2133,1,1,1,1,1,1,0,0,1,1,1,0
259,2.8598800000000004,tcp,-,FIN,10,8,1196,992,5.9443053,62,252,3012.713867,2428.073828,2,2,317.76444000000004,373.5,16389.63244,589.16566,255,3629628996,1493336307,255,0.069484,0.012339,0.057145,120,124,1,0,1,1,1,1,1,1,0,0,1,1,1,0
260,3e-05,udp,-,INT,2,0,168,0,33333.33215,254,0,22400000.0,0.0,0,0,0.03,0.0,0.0,0.0,0,0,0,0,0.0,0.0,0.0,84,0,0,0,1,2,1,1,1,1,0,0,0,1,1,0
261,6.63844,tcp,-,FIN,10,8,564,354,2.5608426,254,252,612.192041,373.5817627,2,1,737.6044400000001,875.2443,55512.75568,1371.55687,255,702207080,139785921,255,0.104112,0.038465,0.065647,56,44,0,0,1,1,1,1,1,1,0,0,0,1,1,0
262,2.17312,tcp,http,FIN,10,6,1148,268,6.9025183,254,252,3806.508594,824.6208008,2,1,241.45778,413.54801000000003,12540.80455,618.17492,255,1345084615,3176772983,255,0.024186,0.009806,0.01438,115,45,1,0,1,1,1,1,1,1,0,0,1,1,1,0
263,76.29429,tcp,http,FIN,202,1294,9082,1747118,19.5951758,62,252,947.6987305,183056.225,2,645,379.57358,58.82331,19299.52965,7456.06365,255,946376470,4123805385,255,0.052951,0.028738,0.024213,45,1350,1,847364,1,1,1,1,1,1,0,0,1,1,1,0
264,5.0239199999999995,tcp,http,FIN,10,8,938,354,3.3838119,254,252,1345.562891,493.6384277,2,1,538.53,620.8100000000001,33829.50901,1250.17484,255,212558147,1344236237,255,0.10843,0.067821,0.040609,94,44,1,0,1,1,1,1,1,1,0,0,1,2,1,0
265,4.60161,tcp,http,FIN,12,20,908,18088,6.7367726,62,252,1448.18877,29874.7625,2,7,418.3282,210.12526000000003,30149.0589,22850.89136,255,24379987,3237873338,255,0.096038,0.048439,0.047599,76,904,1,0,1,1,1,1,1,1,0,0,1,1,1,0
266,9e-05,udp,-,INT,2,0,168,0,11111.11072,254,0,7466666.4,0.0,0,0,0.09,0.0,0.0,0.0,0,0,0,0,0.0,0.0,0.0,84,0,0,0,3,2,1,1,1,1,0,0,0,1,1,0
267,12.44202,ospf,-,INT,28,0,3024,0,2.1700656,254,0,1874.936719,0.0,0,0,460.81555000000003,0.0,577.2729300000001,0.0,0,0,0,0,0.0,0.0,0.0,108,0,0,0,1,2,1,1,1,1,0,0,0,1,1,0
268,12.44202,ospf,-,INT,28,0,3024,0,2.1700656,254,0,1874.936719,0.0,0,0,460.81555000000003,0.0,577.2729300000001,0.0,0,0,0,0,0.0,0.0,0.0,108,0,0,0,1,2,1,1,1,1,0,0,0,1,1,0
269,12.44202,ospf,-,INT,28,0,3024,0,2.1700656,254,0,1874.936719,0.0,0,0,460.81555000000003,0.0,577.2729300000001,0.0,0,0,0,0,0.0,0.0,0.0,108,0,0,0,1,2,1,1,1,1,0,0,0,1,1,0
270,12.44202,ospf,-,INT,28,0,3024,0,2.1700656,254,0,1874.936719,0.0,0,0,460.81555000000003,0.0,577.2729300000001,0.0,0,0,0,0,0.0,0.0,0.0,108,0,0,0,1,2,1,1,1,1,0,0,0,1,1,0
271,12.44202,ospf,-,INT,28,0,3024,0,2.1700656,254,0,1874.936719,0.0,0,0,460.81555000000003,0.0,577.2729300000001,0.0,0,0,0,0,0.0,0.0,0.0,108,0,0,0,1,2,1,1,1,1,0,0,0,1,1,0
272,2.89402,tcp,http,FIN,10,8,1134,1074,5.874181800000001,254,252,2822.3714840000002,2598.461523,2,2,321.55778,375.44145000000003,17393.88491,714.79023,255,3606458423,514971185,255,0.076918,0.025907,0.051011,113,134,1,98,2,1,1,1,1,2,0,0,1,1,2,0
273,6.673679999999999,tcp,-,FIN,10,8,564,354,2.5473202,254,252,608.959375,371.609082,2,1,741.52,937.3914100000001,54501.95183,1365.91312,255,2781332383,4013544591,255,0.016439,0.010495,0.005944,56,44,0,0,1,1,1,1,1,1,0,0,0,3,1,0
274,2.09133,tcp,http,FIN,10,6,508,268,7.1724692,254,252,1751.995117,856.8709961000001,2,1,217.66333,326.22801000000004,11391.871439999999,511.08875,255,3869127034,1987960674,255,0.066589,0.046011,0.020578,51,45,1,0,12,1,2,2,1,12,0,0,1,2,12,0
275,1.97552,tcp,http,FIN,10,6,758,268,7.5929377,254,252,2765.8541020000002,907.1029296999999,2,1,204.85667,331.39398,10413.96323,507.75418,255,948977096,112926856,255,0.060979,0.031846,0.029133,76,45,1,0,12,1,4,4,1,12,0,0,1,5,12,0
276,7.999999999999999e-05,udp,-,INT,2,0,168,0,12500.00003,254,0,8400000.0,0.0,0,0,0.08,0.0,0.0,0.0,0,0,0,0,0.0,0.0,0.0,84,0,0,0,4,2,1,1,1,1,0,0,0,1,1,0
277,4.83004,tcp,http,FIN,10,8,566,354,3.519639599999999,254,252,844.7134765999998,513.4533202999999,2,1,536.6711100000001,588.2085500000002,34147.40225000001,1103.8666400000002,255,2964286253,3984427726,255,0.117386,0.057477,0.059909,57,44,1,0,10,1,3,2,1,10,0,0,1,3,9,0
278,5.236459999999999,tcp,-,FIN,10,6,674,268,2.8645306,254,252,927.344043,342.215918,2,1,565.48667,910.55602,32566.40996,1566.82875,255,2589843549,889491255,255,0.087022,0.06836,0.018662,67,45,0,0,7,1,1,1,1,7,0,0,0,1,7,0
279,20.32866,tcp,ftp,FIN,22,22,1186,1602,2.1152403,62,252,445.87294920000005,602.1056152,7,9,968.03144,944.74999,48383.625289999996,55999.01392,255,3182323027,3647175709,255,0.087444,0.047985,0.039459,54,73,0,0,1,1,3,1,1,2,1,1,0,2,1,0
280,7.275270000000001,tcp,ftp-data,FIN,8,8,364,1628,2.0617791,62,252,350.77734380000004,1566.9521479999999,1,2,1037.84429,949.51859,69268.42878,1773.07719,255,1613063914,4226155936,255,0.106917,0.062859,0.044058,46,204,0,0,1,1,3,1,1,2,0,0,0,2,1,0
281,9e-05,udp,-,INT,2,0,168,0,11111.11072,254,0,7466666.4,0.0,0,0,0.09,0.0,0.0,0.0,0,0,0,0,0.0,0.0,0.0,84,0,0,0,5,2,1,1,1,1,0,0,0,2,1,0
282,6.81871,tcp,-,FIN,20,8,17266,354,3.9596933,254,252,19244.695310000003,363.70515140000003,7,1,339.42421,887.6143000000001,27454.42647,1086.10156,255,894453596,631719121,255,0.179623,0.060533,0.11909,863,44,0,0,7,1,2,2,1,6,0,0,0,2,6,0
283,5.66928,tcp,-,FIN,10,6,490,268,2.6458385,254,252,622.3012206999999,316.089502,2,1,611.71222,911.68203,31972.054079999998,1419.13062,255,2164953844,3754353766,255,0.187663,0.111084,0.076579,49,45,0,0,7,1,1,1,1,6,0,0,0,1,6,0
284,8.33854,tcp,-,FIN,10,8,738,354,2.0387262,254,252,638.0013672,297.4141602,2,1,888.93111,1075.23,48999.31215,2194.30766,255,2847876758,3176499143,255,0.201948,0.081185,0.120763,74,44,0,0,3,1,2,2,1,3,0,0,0,2,3,0
285,7.66293,tcp,-,FIN,10,6,1506,268,1.9574757999999999,254,252,1415.646484,233.8531006,2,1,778.0733299999999,1414.55203,45513.85383,2238.27219,255,21155452,2121765072,255,0.097646,0.059008,0.038638,151,45,0,0,3,1,1,1,1,3,0,0,0,2,3,0
286,5.83476,tcp,-,FIN,10,6,1098,268,2.5707998,254,252,1356.011231,307.1248779,2,1,609.2377799999999,1012.97398,30754.469859999997,1381.31156,255,422840241,2269944729,255,0.11848,0.076982,0.041498,110,45,0,0,1,1,2,1,1,1,0,0,0,2,4,0
287,6.25871,tcp,-,FIN,12,6,3984,268,2.7162147,254,252,4668.054688,286.32097170000003,3,1,519.8709,1123.79,0.0,1749.3112500000002,255,887016526,3679540910,255,0.17778,0.063971,0.113809,332,45,0,0,4,1,1,1,1,1,0,0,0,2,1,0
288,11.73262,tcp,-,FIN,16,12,2080,1746,2.3012763,254,252,1329.62627,1091.657324,5,4,782.1747,1009.3018,39407.19692,1229.09242,255,2090124388,4091386222,255,0.176776,0.06238,0.114396,130,146,0,0,1,1,1,1,1,1,0,0,0,1,1,0
289,4.51172,tcp,-,FIN,10,6,490,268,3.3246744,254,252,781.9634277,397.18776859999997,2,1,501.20556,728.9860199999999,24786.02593,1119.96453,255,1226743990,1458274772,255,0.141762,0.086672,0.05509,49,45,0,0,3,1,2,2,1,3,0,0,0,2,3,0
290,8.77186,tcp,-,FIN,10,8,564,354,1.9380154,254,252,463.299707,282.7222412,2,1,925.7944399999999,1162.4357,60443.14746,1616.44531,255,4075039038,2745617955,255,0.112582,0.063473,0.049109,56,44,0,0,1,1,1,1,1,1,0,0,0,1,2,0
291,6.9490799999999995,tcp,-,FIN,10,8,546,354,2.4463669,254,252,566.4059082,356.88176269999997,2,1,745.9366699999999,910.30711,54564.67953,1290.41281,255,149432727,1119728438,255,0.109665,0.057685,0.05198,55,44,0,0,9,1,1,1,1,6,0,0,0,2,6,0
292,5.34477,tcp,-,FIN,10,8,546,354,3.1806795,254,252,736.4208496,464.0049805,2,1,570.01667,696.94859,37305.99306,1130.67641,255,2006752785,3408677428,255,0.106518,0.046605,0.059913,55,44,0,0,7,1,1,1,1,7,0,0,0,1,7,0
293,3.22297,tcp,-,FIN,10,6,546,268,4.6540922,254,252,1221.2337890000001,556.0088867000001,2,1,326.86444,564.9119900000001,17470.44154,854.63906,255,949471373,3519959151,255,0.090418,0.039832,0.050586,55,45,0,0,7,1,2,2,1,7,0,0,0,2,7,0
294,6.88948,tcp,http,FIN,10,10,908,2000,2.757828,62,252,949.8540039,2090.143359,2,2,765.49778,692.3510899999999,50703.299699999996,1128.5018,255,3020503365,2118146627,255,0.129972,0.047353,0.082619,91,200,1,476,1,1,1,1,1,1,0,0,1,3,1,0
295,5.37852,tcp,-,FIN,10,8,484,354,3.1607209000000003,254,252,648.5055664,461.0934082,2,1,582.92333,671.85289,39297.82635,1074.43609,255,3586533202,861927512,255,0.121835,0.067548,0.054287,48,44,0,0,5,1,2,2,1,5,0,0,0,2,4,0
296,7.72218,tcp,http,FIN,10,10,808,1238,2.4604451000000003,62,252,754.1911621,1155.114258,2,2,858.0200000000001,774.58664,61250.42357,1620.67969,255,2063912232,2334441775,255,0.107828,0.051706,0.056122,81,124,1,160,2,1,1,1,1,2,0,0,1,1,3,0
297,4.326169999999999,tcp,http,FIN,10,8,968,354,3.9295727,254,252,1612.511719,573.2553223,2,1,459.16333000000003,545.63145,31581.142180000003,1065.42766,255,1551550120,779429310,255,0.10114,0.050666,0.050474,97,44,1,0,1,1,1,1,1,1,0,0,1,1,1,0
298,2.49214,tcp,http,FIN,10,8,848,986,6.8214467999999995,62,252,2452.510742,2770.309961,2,2,276.90444,329.90285,14638.10856,570.5883200000001,255,2108875204,4167817686,255,0.061495,0.009477,0.052018,85,123,1,73,2,1,2,2,1,2,0,0,1,2,2,0
299,6.47249,tcp,-,FIN,10,8,564,354,2.6265008,254,252,627.8881835999999,383.1601318,2,1,705.43222,911.8585899999999,54940.51724,1394.0243699999999,255,894345948,3828643797,255,0.057112,0.008939,0.048173,56,44,0,0,1,1,1,1,1,1,0,0,0,1,1,0
300,1.90223,tcp,http,FIN,10,6,902,268,7.8854820000000005,254,252,3414.939453,942.0522461,2,1,194.93111,363.74199,10359.697619999999,616.52242,255,1216905574,2430237932,255,0.0542,0.008343,0.045857,90,45,1,0,1,1,1,1,1,1,0,0,1,1,1,0
301,8.94891,tcp,smtp,FIN,20,20,3178,1784,4.3580725000000005,62,252,2699.770117,1515.268262,7,8,470.99528,462.71000000000004,22237.841159999996,510.86562000000004,255,2200114777,3402592518,255,0.062427,0.01498,0.047447,159,89,0,0,1,1,1,1,1,1,0,0,0,1,1,0
302,9.988629999999999,tcp,pop3,FIN,20,24,948,9872,4.3048947,62,252,721.6205078,7577.415625,7,10,525.71738,414.6165,27785.322030000003,25067.84107,255,43493637,2610778474,255,0.115983,0.044489,0.071494,47,411,0,0,1,1,1,1,1,1,0,0,0,1,1,0
303,2.8272199999999996,tcp,http,FIN,10,8,844,1094,6.012974,62,252,2150.522461,2710.790234,2,2,314.13556,360.54,15689.44812,590.33086,255,2348252448,2152782635,255,0.052429,0.007554,0.044875,84,137,1,127,2,1,2,2,1,2,0,0,1,2,2,0
304,99.57549999999999,tcp,pop3,FIN,246,1554,10662,2055289,18.066693,62,252,853.1416016,165017.8625,7,775,406.43059999999997,64.10746,22176.16259,8680.71675,255,2055688489,4288220471,255,0.059617,0.013861,0.045756,43,1323,0,0,1,1,1,1,1,1,0,0,0,1,1,0
305,12.322519999999999,tcp,pop3,FIN,20,20,950,2266,3.164937,62,252,586.2437012,1397.766016,7,8,648.55367,614.3026199999999,31675.01337,717.07625,255,1661865435,99458549,255,0.104512,0.041314,0.063198,48,113,0,0,2,1,1,2,1,1,0,0,0,2,1,0
306,3.0585400000000003,tcp,http,FIN,10,6,1582,268,4.9043009,254,252,3724.653125,585.9004883,2,1,290.05111,512.77,14259.77439,666.2633599999999,255,1343525938,3038257943,255,0.072706,0.049463,0.023243,158,45,1,0,1,1,1,1,1,2,0,0,1,1,1,0
307,8.45421,tcp,ftp,FIN,16,8,9684,406,2.7205380000000003,254,252,8591.222656,336.873584,5,2,563.61397,1131.6643000000001,45071.21099,1786.8067199999998,255,2517203169,2462565848,255,0.100456,0.036372,0.064084,605,51,0,0,1,1,1,1,1,2,0,0,0,1,1,0
308,3.79788,tcp,-,FIN,10,6,1294,268,3.9495717,254,252,2454.000586,471.8421875,2,1,404.69444000000004,655.11801,20353.856249999997,957.74516,255,446281895,1861106145,255,0.100401,0.052219,0.048182,129,45,0,0,5,1,1,1,1,5,0,0,0,1,5,0
309,5.88943,tcp,-,FIN,10,6,2062,268,2.5469358,254,252,2521.126758,304.27392580000003,2,1,614.91,1018.15,34740.056370000006,1579.2226600000001,255,972193884,4248364235,255,0.170423,0.079865,0.090558,206,45,0,0,5,1,2,2,1,5,0,0,0,2,5,0
310,5.96682,tcp,-,FIN,12,6,3678,268,2.8490887000000003,254,252,4521.001172,300.32746579999997,3,1,510.66272,941.71398,29964.41585,1468.34391,255,1230144701,2135677117,255,0.233481,0.125815,0.107666,307,45,0,0,5,1,2,2,1,5,0,0,0,2,5,0
311,7.25222,tcp,-,FIN,10,8,550,354,2.3441098,254,252,546.0396973,341.9642578,2,1,764.3211100000001,925.96,41640.24141,1711.5179699999999,255,756458129,1149536180,255,0.181819,0.077047,0.104772,55,44,0,0,3,1,1,1,1,3,0,0,0,2,3,0
312,0.0001,udp,-,INT,2,0,168,0,10000.000250000001,254,0,6720000.0,0.0,0,0,0.1,0.0,0.0,0.0,0,0,0,0,0.0,0.0,0.0,84,0,0,0,5,2,1,1,1,1,0,0,0,2,1,0
313,7.40256,tcp,http,FIN,10,6,774,268,2.026326,254,252,753.2529297,242.078418,2,1,821.19889,1314.86797,43436.07744,2032.4709400000002,255,1847217899,1343658594,255,0.154707,0.082811,0.071896,77,45,1,0,1,1,1,1,1,1,0,0,1,2,1,0
314,11.899090000000001,tcp,-,FIN,10,8,718,354,1.4286807,254,252,434.99125979999997,208.4193115,2,1,1240.82889,1567.42578,70455.30993,2522.33594,255,1875092270,2979850829,255,0.194236,0.092702,0.101534,72,44,0,0,3,1,1,1,1,3,0,0,0,1,5,0
315,8.10054,tcp,-,FIN,10,8,1716,354,2.0986255,254,252,1525.824219,306.152417,2,1,872.89222,983.7614100000001,54201.43092,1503.4453099999998,255,3031716204,2219296948,255,0.235306,0.121418,0.113888,172,44,0,0,6,1,1,1,1,5,0,0,0,1,5,0
316,8.605129999999999,tcp,-,FIN,12,6,3678,268,1.9755658,254,252,3134.8742190000003,208.247876,3,1,763.12729,1513.9479700000002,46474.153990000006,2460.86297,255,3552807124,195896751,255,0.161295,0.103532,0.057763,307,45,0,0,4,1,1,1,1,3,0,0,0,1,3,0
317,11.899,tcp,http,FIN,12,10,1326,3294,1.7648541000000002,62,252,817.5476562,1993.444727,3,3,1081.72726,1236.31664,54316.34445,1884.4107800000002,255,2360436159,2374207485,255,0.176547,0.076228,0.100319,111,329,1,784,2,1,2,1,1,4,0,0,1,2,2,0
318,7.21047,tcp,-,FIN,10,6,2484,268,2.0803083,254,252,2480.836914,248.52749020000002,2,1,801.16333,933.74398,38765.0671,1492.12516,255,3941728817,809922470,255,0.242878,0.181181,0.061697,248,45,0,0,6,1,1,1,1,5,0,0,0,1,5,0
319,8.01919,tcp,-,FIN,14,8,6830,354,2.6187183999999997,254,252,6327.821094,309.25817870000003,4,1,616.86078,969.98,39052.52043,1998.5782800000002,255,36109589,1085354634,255,0.205898,0.122277,0.083621,488,44,0,0,4,1,1,1,1,3,0,0,0,1,3,0
320,4.07476,tcp,http,FIN,10,6,780,268,3.6811982999999997,254,252,1378.240625,439.7805176,2,1,451.84443999999996,717.06602,22841.9162,1081.68641,255,2232729964,2184754395,255,0.11405,0.048911,0.065139,78,45,1,0,1,1,1,1,1,1,0,0,1,1,1,0
321,4.56038,tcp,-,FIN,10,6,550,268,3.2891996,254,252,868.3487305000001,392.949707,2,1,568.9725099999999,668.85797,27743.08748,1021.0993000000001,255,4266331438,1499648008,255,0.162386,0.1216,0.040786,55,45,0,0,6,1,1,1,1,6,0,0,0,1,7,0
322,6.9726,tcp,-,FIN,10,6,1294,268,2.1512778,254,252,1336.660645,257.0059814,2,1,714.02444,1232.16797,39671.542290000005,1850.0812500000002,255,828937626,197746881,255,0.162913,0.081167,0.081746,129,45,0,0,5,1,1,1,1,5,0,0,0,2,5,0
323,11.55184,tcp,-,FIN,10,8,564,354,1.471627,254,252,351.8054199,214.6843994,2,1,1237.49556,1535.28422,88655.17908,2202.30312,255,4134405368,3771382557,255,0.151956,0.080481,0.071475,56,44,0,0,1,1,1,1,1,1,0,0,0,1,1,0
324,8.23709,tcp,http,FIN,12,28,914,29346,4.7346817,62,252,813.8796387,27483.490629999997,2,11,748.82636,283.08852,51612.73419,31649.315109999996,255,3770212799,282351333,255,0.141144,0.058747,0.082397,76,1048,1,13825,2,1,1,1,1,1,0,0,1,1,1,0
325,10.946530000000001,tcp,http,FIN,10,10,824,2216,1.7357098,62,252,542.2723145,1457.9962890000002,2,2,1215.38111,1077.63336,75519.45352,1578.35484,255,4131395848,1054912688,255,0.246033,0.124782,0.121251,82,222,1,640,1,1,1,1,1,1,0,0,1,1,1,0
326,8.60687,tcp,-,FIN,12,8,992,716,2.2075387999999996,254,252,845.8359374999999,582.7902343999999,3,2,743.6236600000001,1079.4985900000001,37472.907600000006,1448.7725000000003,255,2449718802,2488416045,255,0.201758,0.105034,0.096724,83,90,0,0,7,1,2,2,2,3,0,0,0,4,3,0
327,442.2596,tcp,-,FIN,34,22,18872,1718,0.12436130000000001,254,252,331.3348145,29.6658356,31,4,13379.02395,21021.795000000002,2181179.2029999997,84149.98999999999,255,2841999187,846254788,255,0.165615,0.080174,0.085441,555,78,0,0,6,1,3,3,3,4,0,0,0,4,4,0
328,10.047630000000002,tcp,-,FIN,12,8,1092,766,1.8909932,254,252,797.0038574,534.2553223,3,2,879.83997,1241.73,45574.47557,1672.71187,255,3779247937,2309105915,255,0.267796,0.135546,0.13225,91,96,0,0,3,1,1,1,1,1,0,0,0,1,1,0
329,13.93967,tcp,-,FIN,12,10,1164,842,1.5064918999999999,254,252,612.3530762,435.0174805,3,2,1231.69369,1400.5643699999998,76973.72542,1876.65875,255,3034287580,3535196697,255,0.267957,0.13345,0.134507,97,84,0,0,3,1,2,2,2,3,0,0,0,3,3,0
330,13.162799999999999,tcp,http,FIN,12,10,1314,1774,1.5954052,62,252,732.3669922,970.6141602,3,2,1196.61824,1355.1967200000001,73269.26789,1992.97734,255,737230307,602155309,255,0.171971,0.095961,0.07601,110,177,1,440,1,1,2,1,1,1,0,0,1,3,1,0
331,13.928469999999999,tcp,-,FIN,12,10,1084,820,1.5077033,254,252,570.9169922,423.88002930000005,3,2,1266.22452,1459.92562,70180.66571999999,2649.86469,255,400202663,216341289,255,0.122739,0.078245,0.044494,90,82,0,0,5,1,2,2,2,3,0,0,0,2,3,0
332,28.389319999999998,tcp,pop3,FIN,26,64,1222,63172,3.1349817,62,252,331.11042480000003,17523.49063,7,30,1135.51523,437.40096,61667.045900000005,37383.17491,255,724680820,4013307900,255,0.151464,0.083303,0.068161,47,987,0,0,1,1,2,1,1,2,0,0,0,2,1,0
333,52.93481,tcp,smtp,FIN,224,52,286548,3166,5.1950693,62,252,43112.5,469.40756840000006,109,8,237.33184,1024.49,27080.43724,1343.6890600000002,255,2243124043,3666733090,255,0.142381,0.068572,0.073809,1279,61,0,0,1,1,3,1,1,1,0,0,0,1,1,0
334,8.37254,tcp,-,FIN,12,8,1080,734,2.2693233,254,252,945.9495117,614.3894531,3,2,723.10179,1061.61711,38352.11371,1372.5700000000002,255,3274791,2351542782,255,0.19769,0.094113,0.103577,90,92,0,0,3,1,1,1,1,3,0,0,0,2,3,0
335,14.6353,tcp,-,FIN,12,10,1232,830,1.4348869,254,252,617.684668,408.327832,3,2,1280.66182,1526.60672,68906.48900999999,2672.40969,255,2203081810,2099132753,255,0.224843,0.089581,0.135262,103,83,0,0,4,1,1,1,1,2,0,0,0,1,2,0
336,18.43741,tcp,http,FIN,10,12,836,5624,1.1389886,62,252,326.72700199999997,2237.1904299999997,2,3,2047.96,1573.58727,137408.9271,95635.99221,255,1748565987,1068373560,255,0.209077,0.112794,0.096283,84,469,1,2306,1,1,2,1,1,1,0,0,1,1,1,0
337,14.38237,tcp,http,FIN,10,10,958,2726,1.3210619,62,252,480.03217770000003,1365.00459,2,2,1598.0411100000001,1522.91438,108577.2385,2052.63688,255,750893150,797708189,255,0.141729,0.066968,0.074761,96,273,1,895,2,1,1,1,1,1,0,0,1,1,1,0
338,12.63457,tcp,-,FIN,12,8,1174,730,1.5038106,254,252,681.9385742000001,404.60422359999995,3,2,1148.59729,1490.85281,57310.1286,2099.51109,255,1436448839,3533739176,255,0.301089,0.219112,0.081977,98,91,0,0,3,1,1,1,1,2,0,0,0,1,2,0
339,14.654039999999998,tcp,http,FIN,10,10,800,1018,1.2965707,62,252,393.0656494,500.61279299999995,2,2,1628.22667,1512.7932799999999,107060.8605,2159.4,255,3499888983,2363001486,255,0.252379,0.103293,0.149086,80,102,1,55,2,1,2,1,1,1,0,0,1,1,1,0
340,17.22713,tcp,-,FIN,12,10,988,808,1.2190075,254,252,420.73173829999996,338.0714111,3,2,1540.66543,1758.2721900000001,91836.50236,2906.22781,255,722842760,3470717237,255,0.33589,0.140259,0.195631,82,81,0,0,4,1,2,1,1,2,0,0,0,2,2,0
341,23.37648,tcp,-,FIN,12,10,1228,796,0.8983389,254,252,385.3446045,245.37485350000003,3,2,2076.09821,2385.9956199999997,116299.491,3806.6031199999998,255,2318234351,1174177262,255,0.391476,0.190251,0.201225,102,80,0,0,4,1,1,1,1,2,0,0,0,1,2,0
342,34.29712,tcp,smtp,FIN,38,22,30764,1764,1.720261,62,252,6987.175781,392.80266109999997,16,8,926.9491600000001,1593.2976600000002,68914.50006,2277.98391,255,3004181543,1012253097,255,0.161565,0.082785,0.07878,810,80,0,0,1,1,1,1,1,1,0,0,0,2,1,0
343,23.60055,tcp,smtp,FIN,38,22,28162,1772,2.4999417999999998,62,252,9295.0375,573.5459473,16,8,637.57489,1086.20812,45927.802240000005,1513.30719,255,3980532899,1823431203,255,0.167226,0.079015,0.088211,741,81,0,0,1,1,1,1,1,1,0,0,0,2,1,0
344,8.44596,tcp,-,FIN,12,8,1014,740,2.2495962,254,252,880.8945312,613.7845703,2,2,61004.75164,91508.03,6609105.554,239190.06,255,3034287901,3535196902,255,0.267957,0.13345,0.134507,85,93,0,0,3,1,1,1,1,2,0,0,0,1,2,0
345,11.02556,tcp,-,FIN,12,10,1110,820,1.9046652000000002,254,252,738.6473145,535.4830078,3,2,1000.52453,1111.2833600000001,55669.91932,1719.32078,255,1856071748,3678882201,255,0.192385,0.102393,0.089992,93,82,0,0,2,1,1,1,1,2,0,0,0,2,2,0
346,11.413519999999998,tcp,-,FIN,12,10,1018,840,1.8399231,254,252,654.6621582,529.8978516,3,2,1037.46276,1165.53891,56908.6455,1856.38297,255,457431626,2457741076,255,0.165505,0.092365,0.07314,85,84,0,0,5,1,1,2,1,3,0,0,0,2,4,0
347,10.67207,tcp,-,FIN,12,8,1110,776,1.7803482,254,252,763.1134277,508.9921875,3,2,922.04997,1390.40281,50775.36987,1894.26984,255,3624865411,822692250,255,0.147658,0.093918,0.05374,93,97,0,0,5,1,1,1,1,4,0,0,0,1,4,0
348,27.168860000000002,tcp,-,FIN,12,8,1042,696,0.69933,254,252,281.4987305,179.322937,4,2,46864.42656,70321.855,4896906.958,176220.54,255,2841999482,1672501128,255,0.165615,0.080174,0.085441,87,87,0,0,7,1,3,3,3,4,0,0,0,3,4,0
349,19.43965,tcp,-,FIN,36,14,34710,1022,2.5206216,254,252,13887.49375,390.5420166,15,2,555.16002,1382.52531,56428.82192,2073.81875,255,113624301,3369636578,255,0.298134,0.146677,0.151457,964,73,0,0,2,1,1,1,1,1,0,0,0,2,1,0
350,18.34468,tcp,http,FIN,10,12,818,4788,1.144746,62,252,321.4010742,1914.01543,2,3,2037.33889,1593.41187,139435.76989999998,103304.07489999999,255,2089509210,3077976052,255,0.160041,0.081714,0.078327,82,399,1,1898,1,1,1,1,1,1,0,0,1,3,1,0
351,14.68132,tcp,http,FIN,10,10,830,1856,1.2941615,62,252,407.0478516,910.5448242,2,2,1631.25778,1414.94328,88621.70967,3114.2465600000005,255,4114486629,3148076717,255,0.308934,0.193964,0.11497,83,186,1,464,1,1,1,1,1,1,0,0,1,1,1,0
352,16.16972,tcp,-,FIN,14,10,1196,820,1.4224118000000001,254,252,549.6693848,365.1269287,3,2,1223.24774,1641.23109,87716.13987000001,2092.67781,255,2775057652,2701779795,255,0.19598,0.139863,0.056117,85,82,0,0,3,1,1,1,1,3,0,0,0,2,3,0
353,19.16194,tcp,-,FIN,12,10,3030,844,1.0959225,254,252,1159.7991209999998,317.2956542999999,3,2,1741.9945500000003,1962.3678100000004,93646.09304,3144.3065600000004,255,567835189,3450490034,255,0.234494,0.149328,0.085166,253,84,0,0,3,1,2,2,2,2,0,0,0,3,2,0
354,21.192980000000002,tcp,ftp,FIN,14,12,698,682,1.1796359,254,252,244.986792,236.30466310000003,4,4,1562.32851,1823.49547,83935.67996,2113.06219,255,4062009954,797984780,255,0.179848,0.113446,0.066402,50,57,0,0,1,1,1,1,1,1,0,0,0,1,1,0
355,22.2194,tcp,ftp,FIN,14,12,700,682,1.1251429,254,252,234.0297119,225.388623,4,4,1619.3576400000002,1900.23906,87039.44426,2278.4393800000003,255,4281885798,119897012,255,0.269414,0.131676,0.137738,50,57,0,0,2,1,1,1,1,2,0,0,0,1,2,0
356,24.209670000000003,tcp,-,FIN,12,10,1106,814,0.8674219000000001,254,252,335.0727051,242.2172607,3,2,2133.38634,2597.07781,134239.32189999998,3598.3831199999995,255,3987021198,1271729594,255,0.146048,0.083595,0.062453,92,81,0,0,2,1,1,1,1,2,0,0,0,1,2,0
357,26.63656,tcp,ftp,FIN,14,12,698,682,0.9385595999999999,254,252,194.9200684,188.0122681,4,4,2015.79082,2379.60453,132691.59219999998,3574.2384399999996,255,3423091652,1264921832,255,0.107339,0.046083,0.061256,50,57,0,0,2,1,1,1,1,2,0,0,0,1,2,0
358,19.05333,tcp,http,FIN,10,8,936,354,0.8922325000000001,254,252,353.9538574,130.1609741,2,1,2117.03667,2549.7085899999997,118624.44159999999,3830.885,255,1171463392,4098359544,255,0.237883,0.120464,0.117419,94,44,1,0,1,1,1,1,1,1,0,0,1,1,1,0
359,21.416330000000002,tcp,-,FIN,12,10,3026,792,0.9805600999999999,254,252,1036.218652,266.3388184,3,2,1946.38273,2220.69437,131268.9504,3149.52719,255,3739081673,2441385231,255,0.277098,0.143007,0.134091,252,79,0,0,2,1,1,1,1,2,0,0,0,1,3,0
360,282.13135,ospf,-,INT,20,0,1280,0,0.0673445,254,0,34.4803925,0.0,0,0,14849.0175,0.0,18313.32375,0.0,0,0,0,0,0.0,0.0,0.0,64,0,0,0,1,2,1,1,1,1,0,0,0,1,1,0
361,282.13135,ospf,-,INT,20,0,1280,0,0.0673445,254,0,34.4803925,0.0,0,0,14849.0175,0.0,18313.32375,0.0,0,0,0,0,0.0,0.0,0.0,64,0,0,0,1,2,1,1,1,1,0,0,0,1,1,0
362,282.13135,ospf,-,INT,20,0,1280,0,0.0673445,254,0,34.4803925,0.0,0,0,14849.0175,0.0,18313.32375,0.0,0,0,0,0,0.0,0.0,0.0,64,0,0,0,1,2,1,1,1,1,0,0,0,1,1,0
363,282.13135,ospf,-,INT,20,0,1280,0,0.0673445,254,0,34.4803925,0.0,0,0,14849.0175,0.0,18313.32375,0.0,0,0,0,0,0.0,0.0,0.0,64,0,0,0,1,2,1,1,1,1,0,0,0,1,1,0
364,282.13135,ospf,-,INT,20,0,1280,0,0.0673445,254,0,34.4803925,0.0,0,0,14849.0175,0.0,18313.32375,0.0,0,0,0,0,0.0,0.0,0.0,64,0,0,0,1,2,1,1,1,1,0,0,0,1,1,0
365,282.13135,ospf,-,INT,20,0,1280,0,0.0673445,254,0,34.4803925,0.0,0,0,14849.0175,0.0,18313.32375,0.0,0,0,0,0,0.0,0.0,0.0,64,0,0,0,1,2,1,1,1,1,0,0,0,1,1,0
366,8.03314,tcp,smtp,FIN,48,24,41302,2104,8.838387299999999,62,252,40275.1625,2008.679102,21,8,170.91787,340.78085999999996,12349.907009999999,431.85934000000003,255,1553329816,3565121951,255,0.05179,0.007336,0.044454,860,88,0,0,1,1,1,1,1,1,0,0,0,1,1,0
367,6.784689999999999,tcp,-,FIN,10,8,564,354,2.5056414,254,252,598.9956543000001,365.5288574,2,1,748.81778,916.2556999999999,57866.93583,1394.18688,255,1382330244,3605108158,255,0.08266,0.037078,0.045582,56,44,0,0,2,1,1,1,1,1,0,0,0,1,1,0
368,13.131310000000001,tcp,ftp,FIN,22,22,1186,1668,3.2746161999999996,62,252,690.2586426,970.5048828000001,7,9,625.30048,618.9804800000001,32806.36679,39901.12966,255,1433008002,2745761692,255,0.053878,0.007855,0.046023,54,76,0,0,1,1,2,1,1,2,1,1,0,2,1,0
369,0.00015000000000000001,udp,-,INT,2,0,168,0,6666.666835000001,254,0,4480000.0,0.0,0,0,0.15,0.0,0.0,0.0,0,0,0,0,0.0,0.0,0.0,84,0,0,0,2,2,1,1,1,1,0,0,0,1,2,0
370,6.24286,tcp,-,FIN,10,8,564,354,2.7231109,254,252,650.9836914,397.253833,2,1,693.65111,876.91859,53939.89068,1387.96703,255,2374783758,1800219437,255,0.050403,0.00597,0.044433,56,44,0,0,1,1,1,1,1,1,0,0,0,1,2,0
371,12.65907,tcp,smtp,FIN,150,38,172977,2638,14.7720166,62,252,108585.5375,1623.499902,72,8,84.9602,325.12217,8266.19637,381.04512,255,1072643731,4213121977,255,0.062571,0.046396,0.016175,1153,69,0,0,1,1,1,1,1,1,0,0,0,2,1,0
372,3e-05,sctp,-,INT,2,0,776,0,33333.33215,254,0,103466662.4,0.0,0,0,0.03,0.0,0.0,0.0,0,0,0,0,0.0,0.0,0.0,388,0,0,0,1,2,1,1,1,1,0,0,0,1,1,0
373,3e-05,sctp,-,INT,2,0,776,0,33333.33215,254,0,103466662.4,0.0,0,0,0.03,0.0,0.0,0.0,0,0,0,0,0.0,0.0,0.0,388,0,0,0,1,2,1,1,1,1,0,0,0,1,1,0
374,3e-05,sctp,-,INT,2,0,776,0,33333.33215,254,0,103466662.4,0.0,0,0,0.03,0.0,0.0,0.0,0,0,0,0,0.0,0.0,0.0,388,0,0,0,1,2,1,1,1,1,0,0,0,1,1,0
375,3e-05,sctp,-,INT,2,0,776,0,33333.33215,254,0,103466662.4,0.0,0,0,0.03,0.0,0.0,0.0,0,0,0,0,0.0,0.0,0.0,388,0,0,0,1,2,1,1,1,1,0,0,0,1,1,0
376,3e-05,udp,-,INT,2,0,168,0,33333.33215,254,0,22400000.0,0.0,0,0,0.03,0.0,0.0,0.0,0,0,0,0,0.0,0.0,0.0,84,0,0,0,1,2,1,1,1,1,0,0,0,1,1,0
377,4.66699,ospf,-,INT,18,0,2858,0,3.6426046999999993,254,0,4628.250781,0.0,0,0,274.52883,0.0,321.0672300000001,0.0,0,0,0,0,0.0,0.0,0.0,159,0,0,0,1,2,1,1,1,1,0,0,0,1,1,0
378,4.66699,ospf,-,INT,18,0,2858,0,3.6426046999999993,254,0,4628.250781,0.0,0,0,274.52883,0.0,321.0672300000001,0.0,0,0,0,0,0.0,0.0,0.0,159,0,0,0,1,2,1,1,1,1,0,0,0,1,1,0
379,4.66699,ospf,-,INT,18,0,2858,0,3.6426046999999993,254,0,4628.250781,0.0,0,0,274.52883,0.0,321.0672300000001,0.0,0,0,0,0,0.0,0.0,0.0,159,0,0,0,1,2,1,1,1,1,0,0,0,1,1,0
380,7e-05,udp,-,INT,2,0,168,0,14285.71409,254,0,9600000.0,0.0,0,0,0.07,0.0,0.0,0.0,0,0,0,0,0.0,0.0,0.0,84,0,0,0,2,2,1,1,1,1,0,0,0,1,1,0
381,1.80252,tcp,http,FIN,10,6,974,268,8.3216829,254,252,3892.328516,994.1637695,2,1,200.27999999999997,336.28398,10375.353729999999,645.7052699999999,255,2069004396,2523737598,255,0.051015,0.006627,0.044388,97,45,1,0,1,1,1,1,1,1,0,0,1,1,2,0
382,2.64132,tcp,http,FIN,10,10,748,4208,7.193373200000001,62,252,2041.4035159999999,11473.05156,2,2,293.48,284.19223999999997,14093.0225,19010.23327,255,3886599047,1954191115,255,0.053529,0.007573,0.045956,75,421,1,1663,3,1,1,1,1,1,0,0,1,1,1,0
383,3.9999999999999996e-05,udp,-,INT,2,0,2150,0,25000.00006,254,0,215000012.8,0.0,0,0,0.04,0.0,0.0,0.0,0,0,0,0,0.0,0.0,0.0,1075,0,0,0,37,2,11,10,1,37,0,0,0,10,37,0
384,0.0001,udp,-,INT,2,0,1970,0,10000.000250000001,254,0,78800000.0,0.0,0,0,0.1,0.0,0.0,0.0,0,0,0,0,0.0,0.0,0.0,985,0,0,0,37,2,11,10,1,37,0,0,0,10,37,0
385,0.0001,udp,-,INT,2,0,1850,0,10000.000250000001,254,0,74000000.0,0.0,0,0,0.1,0.0,0.0,0.0,0,0,0,0,0.0,0.0,0.0,925,0,0,0,39,2,14,14,1,39,0,0,0,14,39,0
386,7.999999999999999e-05,udp,-,INT,2,0,754,0,12500.00003,254,0,37700000.0,0.0,0,0,0.08,0.0,0.0,0.0,0,0,0,0,0.0,0.0,0.0,377,0,0,0,39,2,14,14,1,39,0,0,0,14,39,0
387,9e-05,udp,-,INT,2,0,1406,0,11111.11072,254,0,62488889.6,0.0,0,0,0.09,0.0,0.0,0.0,0,0,0,0,0.0,0.0,0.0,703,0,0,0,39,2,14,14,1,39,0,0,0,14,39,0
388,2.01833,tcp,http,FIN,10,6,1308,268,7.4318869,254,252,4669.207031,887.862793,2,1,205.55,374.85,10299.59401,567.4282000000001,255,2213049113,3720986296,255,0.059694,0.014399,0.045295,131,45,1,0,1,1,1,1,1,1,0,0,1,1,2,0
389,6e-05,udp,-,INT,2,0,756,0,16666.666080000003,254,0,50399996.8,0.0,0,0,0.06,0.0,0.0,0.0,0,0,0,0,0.0,0.0,0.0,378,0,0,0,39,2,15,15,1,39,0,0,0,15,39,0
390,0.0001,udp,-,INT,2,0,1768,0,10000.000250000001,254,0,70720000.0,0.0,0,0,0.1,0.0,0.0,0.0,0,0,0,0,0.0,0.0,0.0,884,0,0,0,39,2,15,15,1,39,0,0,0,15,39,0
391,6.11251,tcp,-,FIN,22,50,1172,48278,11.615523,62,252,1464.5375,61922.84375,6,23,291.07189999999997,118.85367000000001,14940.57221,9637.4767,255,1505806048,263078687,255,0.054673,0.022059,0.032614,53,966,0,0,1,1,1,1,1,1,0,0,0,1,1,0
392,11.513169999999999,tcp,ftp,FIN,22,22,1190,1652,3.7348532,62,252,789.3568848,1095.788574,7,9,548.24618,539.00667,30649.996379999997,36578.59368,255,2727687527,2131410753,255,0.053657,0.008092,0.045565,54,75,0,0,1,1,2,1,1,2,1,1,0,2,1,0
393,3.4467999999999996,tcp,http,FIN,12,10,1284,2074,6.0926074,62,252,2731.8091799999997,4333.2945310000005,3,3,313.34544999999997,365.36890999999997,15879.47651,530.00266,255,396696120,986523889,255,0.050771,0.006186,0.044585,107,207,1,65,1,1,1,1,1,1,0,0,1,1,1,0
394,1.85405,tcp,-,FIN,10,6,512,268,8.0903967,254,252,1989.1587889999998,966.5327148,2,1,196.31667,321.91198999999995,10455.80342,516.72477,255,325421294,3457409359,255,0.050183,0.02444,0.025743,51,45,0,0,2,1,1,1,1,1,0,0,0,1,1,0
395,6.44655,tcp,-,FIN,20,38,1104,31168,8.841938899999999,62,252,1301.781641,37661.075,6,17,339.29211000000004,167.34647999999999,17268.33536,12597.54287,255,3645683182,4153522134,255,0.043127,0.024774,0.018353,55,820,0,0,1,1,1,1,1,1,0,0,0,1,1,0
396,12.255389999999998,tcp,-,FIN,28,26,3926,3392,4.3246279,254,252,2471.402344,2129.348828,11,11,453.90334,484.1932,21136.87864,534.77102,255,541635079,4017054303,255,0.059982,0.014034,0.045948,140,130,0,0,1,1,1,1,1,1,0,0,0,1,1,0
397,2.01967,tcp,http,FIN,12,6,4708,268,8.4172166,254,252,17095.8625,887.2736328000001,3,1,155.05545,389.59000000000003,9079.23915,601.50297,255,4191333565,1769644227,255,0.053141,0.007165,0.045976,392,45,1,0,1,1,1,1,1,1,0,0,1,1,1,0
398,1.6541700000000001,tcp,http,FIN,12,6,3818,268,10.2770573,254,252,16926.91719,1083.322754,3,1,150.37909000000002,271.59199,8550.47811,496.42379,255,1303353232,1398302577,255,0.06114,0.012885,0.048255,318,45,1,0,1,1,1,1,1,1,0,0,1,1,1,0
399,4.14536,tcp,-,FIN,10,8,1204,354,4.1009706999999995,254,252,2091.977539,598.2592773,2,1,449.87,505.00145000000003,31454.25911,1046.46344,255,3819380545,2889486221,255,0.109601,0.061026,0.048575,120,44,0,0,8,1,2,2,1,8,0,0,0,2,8,0
400,4.19779,tcp,-,FIN,10,8,1332,354,4.04975,254,252,2285.0119139999997,590.7870605,2,1,453.07222,546.7057,31417.627480000003,1117.75383,255,2494148718,3376470045,255,0.097036,0.037076,0.05996,133,44,0,0,10,1,3,2,1,11,0,0,0,3,10,0
401,2.5244100000000005,tcp,-,FIN,10,6,1844,268,5.9419827,254,252,5260.635547,709.8688477,2,1,262.44333,393.37801,13739.1835,591.9782,255,3286043099,1368625476,255,0.09512,0.055749,0.039371,184,45,0,0,10,1,1,1,1,11,0,0,0,1,10,0
402,73.12841,ospf,-,INT,40,0,10880,0,0.5333085,254,0,1160.4791989999999,0.0,0,0,1875.0874999999999,0.0,2152.03906,0.0,0,0,0,0,0.0,0.0,0.0,272,0,0,0,1,2,1,1,1,1,0,0,0,2,1,0
403,1.86136,tcp,http,FIN,10,12,816,6574,11.2820729,62,252,3158.980469,25903.63906,2,4,206.81778000000003,159.39636000000002,10820.960219999999,14953.10915,255,2807725629,1492683247,255,0.05382,0.006817,0.047003,82,548,1,2794,1,1,1,1,1,1,0,0,1,1,1,0
404,2.46582,tcp,-,FIN,16,8,6924,812,9.327525900000001,254,252,21062.36406,2306.7376950000003,5,2,153.17467,334.86429999999996,10350.6763,510.83844,255,1635565997,2209334566,255,0.058698,0.01217,0.046528,433,102,0,0,1,1,1,1,1,1,0,0,0,1,1,0
405,1.88998,tcp,http,FIN,10,6,854,268,7.936592,254,252,3255.060938,948.1582031,2,1,191.76,365.23801,10281.597609999999,616.3644899999999,255,3158290523,3962639570,255,0.063293,0.006362,0.056931,85,45,1,0,1,1,1,1,1,1,0,0,1,1,1,0
406,1.98691,tcp,http,FIN,10,6,918,268,7.5494111,254,252,3329.79375,901.9029297,2,1,205.30889,383.44199000000003,10408.31903,611.73434,255,940626502,3460499259,255,0.053072,0.006967,0.046105,92,45,1,0,1,1,1,1,1,1,0,0,1,1,1,0
407,44.90101,udp,dns,INT,116,0,17078,0,2.5611897,254,0,3016.591406,0.0,0,0,390.44355,0.0,539.9923,0.0,0,0,0,0,0.0,0.0,0.0,147,0,0,0,2,2,2,2,2,2,0,0,0,4,2,0
408,439.82441,tcp,-,FIN,28,28,1568,1528,0.1250499,254,252,27.5018829,26.8106995,16,10,16289.792950000001,16264.71125,2583049.003,80143.895,255,4222814469,2282107141,255,0.094898,0.048388,0.04651,56,55,0,0,4,1,2,2,2,4,0,0,0,2,4,0
409,5.6847199999999996,tcp,smtp,FIN,18,16,2512,1386,5.805035,254,252,3339.478125,1829.465625,6,6,333.86764999999997,360.95199,16569.63798,427.04598,255,4061604134,1954606782,255,0.054905,0.027036,0.027869,140,87,0,0,1,1,1,1,1,1,0,0,0,1,1,0
410,5.3563600000000005,tcp,-,FIN,12,10,1256,1288,3.9205729,254,252,1720.571484,1732.519727,3,3,443.71999000000005,547.06891,24234.39261,691.8553099999999,255,1898604876,1514609969,255,0.072738,0.043266,0.029472,105,129,0,0,6,1,1,1,1,2,0,0,0,3,1,0
411,7.93553,tcp,-,FIN,16,10,906,556,3.1503882,254,252,856.9055664,505.07021480000003,5,3,500.35199,805.47664,24802.933750000004,945.68094,255,165382503,3332570827,255,0.102206,0.068615,0.033591,57,56,0,0,5,1,1,1,1,5,0,0,0,2,5,0
412,9.05874,tcp,-,FIN,16,12,904,642,2.9805468999999998,254,252,748.8899902,520.1606445,5,3,585.88333,752.9763300000001,39889.49962,1023.84992,255,1737780158,614709883,255,0.120151,0.077597,0.042554,57,54,0,0,5,1,1,1,1,5,0,0,0,2,5,0
413,6.28707,tcp,http,FIN,10,10,964,3708,3.0220755,62,252,1104.489063,4247.447656,2,3,698.5633300000001,575.13333,39854.20742,36272.394530000005,255,2318751353,4156684638,255,0.15658,0.066051,0.090529,96,371,1,1409,4,1,2,2,1,2,0,0,1,2,2,0
414,9.54264,tcp,-,FIN,14,12,782,678,2.6198201,254,252,609.4749512000001,521.4490234,4,4,734.04921,781.33906,42590.08478,1156.17203,255,1899886519,2614671564,255,0.125953,0.065855,0.060098,56,57,0,0,3,1,1,1,1,3,0,0,0,1,3,0
415,13.35126,tcp,-,FIN,16,14,904,728,2.1720796,254,252,508.1167969,405.0553955,5,3,889.99398,970.95695,46742.449290000004,1683.4215599999998,255,728410861,2602928209,255,0.137927,0.072879,0.065048,57,52,0,0,4,1,1,1,1,4,0,0,0,2,4,0
416,4.17471,tcp,http,FIN,10,8,786,826,4.0721392000000005,62,252,1356.741016,1385.485449,2,2,462.84778000000006,548.1557,24613.95282,761.50773,255,2120189938,2827257507,255,0.097739,0.033761,0.063978,79,103,1,14,1,1,1,1,1,1,0,0,1,1,1,0
417,3.28615,tcp,http,FIN,10,10,888,3780,5.7818418000000005,62,252,1947.567773,8282.032030999999,2,3,365.12778,325.4,18517.90992,21049.28236,255,3141333184,3688782502,255,0.069402,0.035025,0.034377,89,378,1,1436,1,1,1,1,1,1,0,0,1,1,1,0
418,7.20163,tcp,-,FIN,14,12,790,678,3.4714364000000004,254,252,815.3709961,690.9546875,4,4,553.97153,601.45363,27572.882129999998,703.33898,255,767569585,3589820817,255,0.086758,0.057863,0.028895,56,57,0,0,4,1,1,1,1,4,0,0,0,3,4,0
419,9.630379999999999,tcp,-,FIN,18,14,2798,2050,3.2189798000000005,254,252,2195.551953,1581.661328,6,5,532.9576500000001,715.19539,26778.68827,790.31141,255,2298413648,3369092459,255,0.080419,0.033275,0.047144,155,146,0,0,1,1,2,1,1,1,0,0,0,1,4,0
420,3.76248,tcp,http,FIN,10,6,1062,268,3.9867321,254,252,2032.701758,476.2815918,2,1,406.78444,645.37199,21313.78654,1017.87672,255,2512637655,419055905,255,0.099115,0.053553,0.045562,106,45,1,0,1,1,1,1,1,1,0,0,1,1,1,0
421,13.0776,tcp,smtp,FIN,34,22,23864,1846,4.2056646,62,252,14169.57188,1078.4853520000001,14,8,396.29089999999997,593.08145,25148.50279,706.1967199999999,255,1118594827,2935223566,255,0.08491,0.061575,0.023335,702,84,0,0,1,1,1,1,1,1,0,0,0,1,1,0
422,437.76703,tcp,-,FIN,5416,806,7164417,34668,14.210755,254,252,130902.4125,632.7566406,2705,1,80.97634,542.73336,9999.22209,636.00586,255,1748323556,287462897,255,0.143758,0.086642,0.057116,1323,43,0,0,1,1,1,1,1,1,0,0,0,1,1,0
423,3.38931,tcp,http,FIN,10,8,796,1024,5.0157703,62,252,1692.379883,2114.884766,2,2,376.59,425.55,19379.61392,605.96176,255,967118013,4120194830,255,0.091635,0.040255,0.05138,80,128,1,90,2,1,1,1,1,1,0,0,1,1,1,0
424,11.94859,tcp,pop3,FIN,20,24,934,8624,3.5987509,62,252,594.5471190999999,5533.707031,7,10,628.8457900000001,486.93002,29907.640480000002,26213.351929999997,255,3083695214,2613797951,255,0.096073,0.074917,0.021156,47,359,0,0,1,1,2,1,1,1,0,0,0,1,1,0
425,7.96488,tcp,-,FIN,10,8,564,354,2.1343699000000003,254,252,510.2399414,311.3668945,2,1,844.67111,1060.90711,60570.883089999996,1470.49406,255,843016790,2757705303,255,0.102438,0.053844,0.048594,56,44,0,0,1,1,1,1,1,2,0,0,0,1,1,0
426,3.2057400000000005,tcp,-,FIN,10,6,568,268,4.6791071,254,252,1277.708203,558.9973145,2,1,356.19332999999995,565.93398,17109.07333,808.17719,255,2245818532,2311004059,255,0.086109,0.036982,0.049127,57,45,0,0,1,1,1,1,1,1,0,0,0,1,1,0
427,3.6703599999999996,tcp,http,FIN,10,8,1092,1044,4.6316980999999995,254,252,2142.568945,1992.175,2,2,407.81778,363.26430000000005,19525.974430000002,535.97977,255,3308108982,1641553681,255,0.077193,0.048052,0.029141,109,131,1,98,1,1,1,1,1,1,0,0,1,1,1,0
428,7e-05,udp,snmp,INT,2,0,136,0,14285.71409,254,0,7771428.8,0.0,0,0,0.07,0.0,0.0,0.0,0,0,0,0,0.0,0.0,0.0,68,0,0,0,1,2,1,1,1,1,0,0,0,2,1,0
429,4.9391,tcp,http,FIN,10,14,770,11200,4.6567187,62,252,1122.47168,16845.17344,2,5,547.7211100000001,352.14078,28728.913200000003,27301.83603,255,2761920022,3566826875,255,0.071621,0.036119,0.035502,77,800,1,5068,1,1,1,1,1,1,0,0,1,1,1,0
430,3.40732,tcp,http,FIN,10,8,842,1670,4.9892583,254,252,1779.697852,3432.609766,2,2,378.59110999999996,413.14715,18735.69022,592.01719,255,1662547502,1893834589,255,0.081875,0.050825,0.03105,84,209,1,430,1,1,1,1,1,1,0,0,1,1,1,0
431,3e-05,udp,-,INT,2,0,168,0,33333.33215,254,0,22400000.0,0.0,0,0,0.03,0.0,0.0,0.0,0,0,0,0,0.0,0.0,0.0,84,0,0,0,1,2,1,1,1,1,0,0,0,1,1,0
432,8.29626,tcp,-,FIN,10,8,564,354,2.049116,254,252,489.85927730000003,298.9298828,2,1,888.7211100000001,1130.55859,63675.52253,1560.82219,255,760093705,512491859,255,0.092538,0.038226,0.054312,56,44,0,0,1,1,2,1,1,1,0,0,0,1,2,0
433,7e-05,udp,-,INT,2,0,406,0,14285.71409,254,0,23200000.0,0.0,0,0,0.07,0.0,0.0,0.0,0,0,0,0,0.0,0.0,0.0,203,0,0,0,5,2,2,1,1,5,0,0,0,2,5,0
434,9.15074,tcp,-,FIN,16,10,1536,556,2.7320195,254,252,1258.914551,437.99736329999996,8,4,74675.61188,119479.29000000001,9375145.145,355675.52,255,1258417146,1861326755,255,0.108932,0.065087,0.043845,96,56,0,0,5,1,1,1,1,5,0,0,0,1,5,0
435,3.28484,tcp,http,FIN,10,16,1126,14492,7.6107208,62,252,2469.526758,33090.196879999996,2,6,363.75556000000006,200.66267,19067.263339999998,16352.69407,255,1160354677,514290457,255,0.085007,0.027489,0.057518,113,906,1,0,1,1,1,1,1,1,0,0,1,1,1,0
436,3.81521,tcp,http,FIN,10,10,794,3962,4.9800668,62,252,1499.262207,7477.439063,2,3,423.91222,379.58333000000005,20806.4079,22638.33746,255,992830548,3879203431,255,0.085254,0.03954,0.045714,79,396,1,1537,1,1,1,1,1,1,0,0,1,1,1,0
437,5.80452,tcp,ssl,FIN,12,8,2326,552,3.2733110000000005,254,252,2939.7779299999997,665.6880859,3,2,492.24635,704.82141,25098.33838,896.61328,255,814548613,1423057000,255,0.121115,0.08707,0.034045,194,69,0,0,1,1,1,1,1,2,0,0,0,1,1,0
438,18.45588,tcp,smtp,FIN,24,20,4963,1834,2.3298808,62,252,2061.998633,755.5315918,9,8,802.42954,935.32844,45091.680550000005,1167.39383,255,2708788982,1203802522,255,0.125395,0.067622,0.057773,207,92,0,0,1,1,1,1,1,2,0,0,0,1,1,0
439,16.34732,tcp,-,FIN,20,38,1084,31422,3.4868101000000005,62,252,504.0581543,14972.973439999998,6,17,860.30475,423.80136,41978.501480000006,30282.50477,255,3156940646,263729156,255,0.112586,0.066666,0.04592,54,827,0,0,4,1,1,1,1,1,0,0,0,2,1,0
440,3e-05,sctp,-,INT,2,0,78,0,33333.33215,254,0,10400000.0,0.0,0,0,0.03,0.0,0.0,0.0,0,0,0,0,0.0,0.0,0.0,39,0,0,0,1,2,1,1,1,1,0,0,0,1,1,0
441,3e-05,sctp,-,INT,2,0,78,0,33333.33215,254,0,10400000.0,0.0,0,0,0.03,0.0,0.0,0.0,0,0,0,0,0.0,0.0,0.0,39,0,0,0,1,2,1,1,1,1,0,0,0,1,1,0
442,5.2179,tcp,-,FIN,10,6,684,268,2.8747195999999997,254,252,944.4412109000001,343.43315429999996,2,1,578.57444,928.7,32186.18558,1455.55609,255,1622845501,129146287,255,0.110099,0.057437,0.052662,68,45,0,0,1,1,1,1,1,1,0,0,0,1,1,0
443,13.004629999999999,tcp,-,FIN,18,28,992,16286,3.4603062,62,252,576.4101074,9661.175,6,12,764.9782399999999,487.64307,37918.01253,29717.622150000003,255,1680480956,827582567,255,0.088377,0.032155,0.056222,55,582,0,0,1,1,1,1,1,1,0,0,0,1,1,0
