model,arm,accuracy_mean,accuracy_std,accuracy_min,accuracy_max,balanced_accuracy_mean,balanced_accuracy_std,balanced_accuracy_min,balanced_accuracy_max,macro_f1_mean,macro_f1_std,macro_f1_min,macro_f1_max,weighted_f1_mean,weighted_f1_std,weighted_f1_min,weighted_f1_max,n_seeds
RandomForest,c1,0.6866,0.0003,0.6864,0.687,0.5751,0.0057,0.5701,0.5814,0.4973,0.0043,0.4945,0.5023,0.7366,0.0005,0.7361,0.7371,3
RandomForest,o1,0.6918,0.0007,0.6913,0.6926,0.5903,0.0051,0.5846,0.5944,0.501,0.0022,0.4988,0.5031,0.7421,0.0008,0.7416,0.743,3
RandomForest,o6,0.6848,0.0003,0.6846,0.6852,0.5397,0.0031,0.5368,0.543,0.4818,0.0051,0.477,0.4872,0.7344,0.0003,0.7341,0.7347,3
RandomForest,o6_loo,0.6836,,0.6836,0.6836,0.5409,,0.5409,0.5409,0.4955,,0.4955,0.4955,0.7351,,0.7351,0.7351,1
Transformer,c1,0.669,0.0018,0.6676,0.671,0.6085,0.0111,0.6011,0.6213,0.4432,0.0144,0.4311,0.4591,0.7234,0.0029,0.7216,0.7268,3
Transformer,o1,0.6696,0.0101,0.6594,0.6796,0.6174,0.0104,0.6084,0.6288,0.4468,0.0127,0.4354,0.4604,0.7236,0.007,0.7168,0.7307,3
Transformer,o6,0.6613,0.0075,0.6558,0.6698,0.614,0.0175,0.5938,0.6255,0.4246,0.0054,0.4184,0.4283,0.717,0.0024,0.7144,0.7192,3
Transformer,o6_loo,0.6661,,0.6661,0.6661,0.6248,,0.6248,0.6248,0.4291,,0.4291,0.4291,0.7225,,0.7225,0.7225,1
XGBoost,c1,0.7398,0.0007,0.7391,0.7404,0.5561,0.0037,0.5527,0.56,0.515,0.0034,0.5118,0.5186,0.7624,0.0011,0.7612,0.763,3
XGBoost,o1,0.7658,0.0002,0.7655,0.7659,0.5429,0.0011,0.5423,0.5443,0.5089,0.0014,0.5072,0.5098,0.7813,0.0003,0.781,0.7816,3
XGBoost,o6,0.7529,0.0009,0.752,0.7539,0.5293,0.0022,0.5269,0.5312,0.4948,0.0013,0.4933,0.4957,0.7714,0.0006,0.771,0.7721,3
XGBoost,o6_loo,0.749,,0.749,0.749,0.5234,,0.5234,0.5234,0.4898,,0.4898,0.4898,0.7683,,0.7683,0.7683,1
