accuracy,balanced_accuracy,macro_f1,weighted_f1,key,model,arm,seed
0.6913350823495117,0.5943609129089443,0.501026012029389,0.7416131762376473,RandomForest|o1|42,RandomForest,o1,42
0.6925861147548948,0.5919720702027168,0.5031413697700869,0.7430009630066919,RandomForest|o1|43,RandomForest,o1,43
0.6915780012631784,0.5846322471288621,0.49875481572652164,0.7417795655576049,RandomForest|o1|44,RandomForest,o1,44
0.7658747510081135,0.5442714439378175,0.5098287801069399,0.7815623568420135,XGBoost|o1|42,XGBoost,o1,42
0.7655468104746636,0.542285672469652,0.5072349669613568,0.7809503913751176,XGBoost|o1|43,XGBoost,o1,43
0.7658747510081135,0.542274739941594,0.509497635541878,0.7812531929928596,XGBoost|o1|44,XGBoost,o1,44
0.6594155370937181,0.6288076862895634,0.43536558868836195,0.7167752120320705,Transformer|o1|42,Transformer,o1,42
0.6697031530874994,0.6149747977978783,0.4447434646001229,0.7233384262691581,Transformer|o1|43,Transformer,o1,43
0.679602098819414,0.6083554561104224,0.4604372720573101,0.730748294064636,Transformer|o1|44,Transformer,o1,44
0.6869746878491959,0.581350038262535,0.5022858936719029,0.7371278586701304,RandomForest|c1|42,RandomForest,c1,42
0.6864402662391293,0.5700826435055745,0.4944844822177975,0.7361304388957403,RandomForest|c1|43,RandomForest,c1,43
0.6864038284020794,0.5738030616861975,0.49511089235383715,0.7365416062328809,RandomForest|c1|44,RandomForest,c1,44
0.7399674488655686,0.5555983744524668,0.5145384118244305,0.7629693423029277,XGBoost|c1|42,XGBoost,c1,42
0.7391172326677355,0.5526997075456703,0.511814187494618,0.7611539082415896,XGBoost|c1|43,XGBoost,c1,43
0.7404289948015352,0.5600020321664136,0.5185674656757358,0.7629985808018899,XGBoost|c1|44,XGBoost,c1,44
0.6682820774425496,0.6031826329201504,0.43953092755117196,0.7219260993945538,Transformer|c1|42,Transformer,c1,42
0.6709784773842491,0.6213351518058923,0.45910744509755486,0.7267549489668966,Transformer|c1|43,Transformer,c1,43
0.6676019044842831,0.601082461638697,0.4310653956653071,0.721608593828381,Transformer|c1|44,Transformer,c1,44
0.6845576446582131,0.5391653994824792,0.4811715407566193,0.7341414781977826,RandomForest|o6|42,RandomForest,o6,42
0.6847155419520964,0.5430192632565964,0.4872002030053063,0.7344771960766213,RandomForest|o6|43,RandomForest,o6,43
0.6851527959966963,0.5367852716377233,0.4770465313474525,0.7347144057537268,RandomForest|o6|44,RandomForest,o6,44
0.7528421512898994,0.5268708277800214,0.4932958961271659,0.7711045047267882,XGBoost|o6|42,XGBoost,o6,42
0.7520283729291163,0.5298512393867957,0.49571258107943555,0.7710213315197992,XGBoost|o6|43,XGBoost,o6,43
0.7538745566729825,0.531173850565025,0.49526553877063495,0.7720699135448851,XGBoost|o6|44,XGBoost,o6,44
0.6582495263081184,0.6255285955627996,0.4269535470487867,0.7171868408639861,Transformer|o6|42,Transformer,o6,42
0.6557838993344022,0.6225641075735747,0.4184203327564918,0.7144396380928691,Transformer|o6|43,Transformer,o6,43
0.669800320652966,0.5938306994471967,0.42828643306142655,0.7192494307443044,Transformer|o6|44,Transformer,o6,44
0.6835738230578633,0.5409204720371783,0.4955145684404627,0.7350572027841861,RandomForest|o6_loo|42,RandomForest,o6_loo,42
0.7490161783996502,0.5233707926107403,0.48981566249068453,0.7683074775304615,XGBoost|o6_loo|42,XGBoost,o6_loo,42
0.6660593693825001,0.6247646311668513,0.42912802181491383,0.7225453211059807,Transformer|o6_loo|42,Transformer,o6_loo,42
