model,arm,attack,f1_mean,f1_std,f1_min,f1_max
RandomForest,c1,Analysis,0.014,0.0037,0.0099,0.0171
RandomForest,c1,Backdoor,0.0991,0.0031,0.0957,0.1017
RandomForest,c1,DoS,0.2302,0.0052,0.225,0.2354
RandomForest,c1,Exploits,0.7022,0.0004,0.7019,0.7026
RandomForest,c1,Fuzzers,0.3792,0.0003,0.3789,0.3794
RandomForest,c1,Generic,0.9821,0.0002,0.9819,0.9823
RandomForest,c1,Normal,0.7515,0.0001,0.7514,0.7515
RandomForest,c1,Reconnaissance,0.8548,0.0039,0.8518,0.8593
RandomForest,c1,Shellcode,0.4584,0.0046,0.4547,0.4636
RandomForest,c1,Worms,0.5014,0.041,0.4706,0.5479
RandomForest,o1,Analysis,0.0195,0.0063,0.0129,0.0253
RandomForest,o1,Backdoor,0.0955,0.0019,0.0934,0.0969
RandomForest,o1,DoS,0.2335,0.0096,0.2256,0.2441
RandomForest,o1,Exploits,0.6974,0.0011,0.6963,0.6986
RandomForest,o1,Fuzzers,0.3773,0.0021,0.3755,0.3797
RandomForest,o1,Generic,0.9813,0.0,0.9812,0.9813
RandomForest,o1,Normal,0.7665,0.0005,0.7661,0.767
RandomForest,o1,Reconnaissance,0.85,0.0013,0.8491,0.8515
RandomForest,o1,Shellcode,0.4017,0.0032,0.3992,0.4053
RandomForest,o1,Worms,0.5871,0.0072,0.5789,0.5926
RandomForest,o6,Analysis,0.0413,0.0013,0.04,0.0425
RandomForest,o6,Backdoor,0.0495,0.0009,0.0485,0.0503
RandomForest,o6,DoS,0.2471,0.0041,0.2424,0.2503
RandomForest,o6,Exploits,0.6959,0.0011,0.6948,0.6969
RandomForest,o6,Fuzzers,0.3807,0.0014,0.3796,0.3823
RandomForest,o6,Generic,0.9805,0.0001,0.9804,0.9806
RandomForest,o6,Normal,0.7522,0.0002,0.7521,0.7524
RandomForest,o6,Reconnaissance,0.8122,0.0029,0.8095,0.8152
RandomForest,o6,Shellcode,0.3982,0.007,0.3904,0.4038
RandomForest,o6,Worms,0.4604,0.0579,0.4051,0.5205
RandomForest,o6_loo,Analysis,0.0554,,0.0554,0.0554
RandomForest,o6_loo,Backdoor,0.0399,,0.0399,0.0399
RandomForest,o6_loo,DoS,0.2613,,0.2613,0.2613
RandomForest,o6_loo,Exploits,0.6995,,0.6995,0.6995
RandomForest,o6_loo,Fuzzers,0.3796,,0.3796,0.3796
RandomForest,o6_loo,Generic,0.9812,,0.9812,0.9812
RandomForest,o6_loo,Normal,0.7501,,0.7501,0.7501
RandomForest,o6_loo,Reconnaissance,0.8151,,0.8151,0.8151
RandomForest,o6_loo,Shellcode,0.4223,,0.4223,0.4223
RandomForest,o6_loo,Worms,0.5507,,0.5507,0.5507
Transformer,c1,Analysis,0.0056,0.0062,0.0,0.0123
Transformer,c1,Backdoor,0.0959,0.0029,0.0926,0.0976
Transformer,c1,DoS,0.4025,0.0187,0.3904,0.424
Transformer,c1,Exploits,0.6491,0.0105,0.6397,0.6605
Transformer,c1,Fuzzers,0.3468,0.0128,0.3325,0.3573
Transformer,c1,Generic,0.98,0.0009,0.9793,0.981
Transformer,c1,Normal,0.7348,0.0029,0.7324,0.738
Transformer,c1,Reconnaissance,0.7866,0.0696,0.7098,0.8455
Transformer,c1,Shellcode,0.2333,0.0163,0.2148,0.2454
Transformer,c1,Worms,0.1977,0.101,0.0855,0.2811
Transformer,o1,Analysis,0.0266,0.0386,0.0026,0.0712
Transformer,o1,Backdoor,0.1024,0.0257,0.0728,0.1184
Transformer,o1,DoS,0.3547,0.092,0.2502,0.4236
Transformer,o1,Exploits,0.6552,0.0109,0.6448,0.6666
Transformer,o1,Fuzzers,0.3519,0.0083,0.3425,0.3582
Transformer,o1,Generic,0.9792,0.0024,0.9765,0.9809
Transformer,o1,Normal,0.738,0.0035,0.7344,0.7412
Transformer,o1,Reconnaissance,0.7805,0.0309,0.7568,0.8155
Transformer,o1,Shellcode,0.2584,0.0144,0.2418,0.2674
Transformer,o1,Worms,0.2216,0.0197,0.2019,0.2414
Transformer,o6,Analysis,0.0331,0.0573,0.0,0.0993
Transformer,o6,Backdoor,0.0846,0.0286,0.0666,0.1175
Transformer,o6,DoS,0.3309,0.1085,0.2535,0.4549
Transformer,o6,Exploits,0.6329,0.0189,0.6119,0.6485
Transformer,o6,Fuzzers,0.3422,0.0054,0.3362,0.3466
Transformer,o6,Generic,0.9797,0.0002,0.9794,0.9799
Transformer,o6,Normal,0.7348,0.0043,0.7322,0.7398
Transformer,o6,Reconnaissance,0.7763,0.0151,0.7596,0.7891
Transformer,o6,Shellcode,0.2368,0.016,0.2276,0.2553
Transformer,o6,Worms,0.0942,0.0328,0.0709,0.1317
Transformer,o6_loo,Analysis,0.1038,,0.1038,0.1038
Transformer,o6_loo,Backdoor,0.0745,,0.0745,0.0745
Transformer,o6_loo,DoS,0.3453,,0.3453,0.3453
Transformer,o6_loo,Exploits,0.625,,0.625,0.625
Transformer,o6_loo,Fuzzers,0.3519,,0.3519,0.3519
Transformer,o6_loo,Generic,0.9807,,0.9807,0.9807
Transformer,o6_loo,Normal,0.7492,,0.7492,0.7492
Transformer,o6_loo,Reconnaissance,0.7311,,0.7311,0.7311
Transformer,o6_loo,Shellcode,0.229,,0.229,0.229
Transformer,o6_loo,Worms,0.1009,,0.1009,0.1009
XGBoost,c1,Analysis,0.0574,0.0032,0.0537,0.0598
XGBoost,c1,Backdoor,0.0425,0.0021,0.0409,0.0449
XGBoost,c1,DoS,0.1922,0.0067,0.1858,0.1991
XGBoost,c1,Exploits,0.7062,0.0006,0.7057,0.7068
XGBoost,c1,Fuzzers,0.38,0.0042,0.3759,0.3843
XGBoost,c1,Generic,0.9846,0.0001,0.9845,0.9847
XGBoost,c1,Normal,0.8088,0.0009,0.8077,0.8093
XGBoost,c1,Reconnaissance,0.8662,0.0019,0.865,0.8683
XGBoost,c1,Shellcode,0.5146,0.0071,0.5077,0.522
XGBoost,c1,Worms,0.5974,0.0232,0.5789,0.6234
XGBoost,o1,Analysis,0.0583,0.0051,0.0525,0.062
XGBoost,o1,Backdoor,0.0422,0.0039,0.0388,0.0465
XGBoost,o1,DoS,0.1945,0.0051,0.1886,0.1981
XGBoost,o1,Exploits,0.7105,0.0004,0.7102,0.7109
XGBoost,o1,Fuzzers,0.3973,0.0023,0.3959,0.3999
XGBoost,o1,Generic,0.9847,0.0001,0.9845,0.9847
XGBoost,o1,Normal,0.8467,0.0003,0.8465,0.847
XGBoost,o1,Reconnaissance,0.8652,0.0004,0.8649,0.8657
XGBoost,o1,Shellcode,0.4985,0.0031,0.495,0.5009
XGBoost,o1,Worms,0.4907,0.0108,0.4789,0.5
XGBoost,o6,Analysis,0.0638,0.0121,0.0499,0.0724
XGBoost,o6,Backdoor,0.0526,0.011,0.0442,0.0651
XGBoost,o6,DoS,0.188,0.0016,0.1863,0.1895
XGBoost,o6,Exploits,0.709,0.0013,0.7074,0.7098
XGBoost,o6,Fuzzers,0.3766,0.0035,0.3735,0.3804
XGBoost,o6,Generic,0.9837,0.0001,0.9836,0.9838
XGBoost,o6,Normal,0.8308,0.0012,0.8298,0.8321
XGBoost,o6,Reconnaissance,0.8566,0.0006,0.8562,0.8573
XGBoost,o6,Shellcode,0.4707,0.0113,0.4588,0.4813
XGBoost,o6,Worms,0.4159,0.0035,0.4118,0.4179
XGBoost,o6_loo,Analysis,0.023,,0.023,0.023
XGBoost,o6_loo,Backdoor,0.0842,,0.0842,0.0842
XGBoost,o6_loo,DoS,0.1908,,0.1908,0.1908
XGBoost,o6_loo,Exploits,0.7082,,0.7082,0.7082
XGBoost,o6_loo,Fuzzers,0.3813,,0.3813,0.3813
XGBoost,o6_loo,Generic,0.9836,,0.9836,0.9836
XGBoost,o6_loo,Normal,0.8234,,0.8234,0.8234
XGBoost,o6_loo,Reconnaissance,0.8559,,0.8559,0.8559
XGBoost,o6_loo,Shellcode,0.4843,,0.4843,0.4843
XGBoost,o6_loo,Worms,0.3636,,0.3636,0.3636
