model,arm,variant,type,level,realizable,evasion_rate_mean,evasion_rate_std,evasion_rate_min,evasion_rate_max,pct_correct_mean,pct_correct_std,pct_correct_min,pct_correct_max,pct_misclassified_attack_mean,pct_misclassified_attack_std,pct_misclassified_attack_min,pct_misclassified_attack_max,evasion_Generic_mean,evasion_Generic_std,evasion_Generic_min,evasion_Generic_max,n_seeds
RandomForest,c1,combined_hold_L1,combined_hold,1,True,0.34369999999999995,0.056653243508205255,0.2867,0.4,48.87446666666667,5.455521590401173,42.5813,52.2655,50.78183333333334,5.506224468120905,47.3345,57.1321,0.0053,0.009179869280115051,0.0,0.0159,3
RandomForest,c1,combined_hold_L2,combined_hold,2,True,0.3015,0.0420033332010687,0.2689,0.3489,48.510799999999996,4.032585873853156,43.8546,50.8789,51.187733333333334,4.061214345898693,48.7722,55.8765,0.0053,0.0,0.0053,0.0053,3
RandomForest,c1,combined_hold_L3,combined_hold,3,True,10.1368,1.2409082439890546,8.8687,11.3486,48.952999999999996,1.2453696599805204,48.0323,50.37,40.910199999999996,0.8004057783399621,40.1947,41.7746,0.19963333333333333,0.03722597659341301,0.1643,0.2385,3
RandomForest,c1,combined_hold_L4,combined_hold,4,True,19.9203,3.5717778528346353,16.853,23.8417,44.16863333333333,0.5821512546867285,43.5168,44.6368,35.91106666666666,3.0947012720670357,32.6415,38.7947,7.0284,3.2566018746540077,4.9812,10.7837,3
RandomForest,c1,combined_mimic_L1,combined_mimic,1,True,5.819166666666667,3.300607753631645,3.7666,9.6265,47.113033333333334,5.866905642954667,40.3502,50.8389,47.06786666666667,8.013712990451639,40.2236,55.8832,0.6447333333333334,0.08113213502264892,0.5829,0.7366,3
RandomForest,c1,combined_mimic_L2,combined_mimic,2,True,0.30519999999999997,0.036010415160061704,0.2822,0.3467,48.5145,4.0356261261420165,43.8546,50.8611,51.18033333333333,4.051966062707503,48.7922,55.8588,0.0053,0.0,0.0053,0.0053,3
RandomForest,c1,combined_mimic_L3,combined_mimic,3,True,63.060833333333335,3.2870605734201677,60.2009,66.6519,24.339466666666667,1.8693145383624798,22.9662,26.4683,12.599733333333333,1.9574188855054337,10.382,14.0864,69.52113333333334,9.01325456221743,62.6464,79.7255,3
RandomForest,c1,combined_mimic_L4,combined_mimic,4,True,75.51313333333333,0.4113801931709041,75.0739,75.8894,17.06996666666667,0.182121946325348,16.9507,17.2796,7.4168666666666665,0.4587413904732533,7.1443,7.9465,93.44496666666667,0.23834440067543694,93.1747,93.6251,3
RandomForest,c1,connection_rate_L1,connection_rate,1,True,0.0415,0.013413053343664893,0.0289,0.0556,74.84429999999999,0.02575014563066199,74.8206,74.8717,25.114266666666666,0.039153203359792395,25.0728,25.1506,0.0,0.0,0.0,0.0,3
RandomForest,c1,connection_rate_L2,connection_rate,2,True,0.08073333333333334,0.010943643512712448,0.0733,0.0933,75.1761,0.10050736291437122,75.1094,75.2917,24.743133333333333,0.11141639616023033,24.615,24.8172,0.0053,0.0,0.0053,0.0053,3
RandomForest,c1,connection_rate_L3,connection_rate,3,True,0.11036666666666667,0.035430119013818366,0.0867,0.1511,74.34870000000001,0.10860704397045574,74.2539,74.4672,25.540900000000004,0.11098085420467821,25.4394,25.6594,0.012366666666666666,0.012239825706820065,0.0053,0.0265,3
RandomForest,c1,connection_rate_L4,connection_rate,4,True,0.17556666666666665,0.005877357682950166,0.1689,0.18,74.0502,0.3876859940725231,73.7228,74.4783,25.77423333333333,0.3879573730879892,25.3439,26.0972,0.0371,0.0,0.0371,0.0371,3
RandomForest,c1,identity_L0,identity,0,True,0.0,0.0,0.0,0.0,75.55983333333334,0.06303660312335942,75.5139,75.6317,24.44016666666667,0.06303660312337044,24.3683,24.4861,0.0,0.0,0.0,0.0,3
RandomForest,c1,padding_L1,padding,1,True,0.0363,0.008386298349093,0.0267,0.0422,65.74443333333333,0.6226768450274501,65.1363,66.3807,34.21926666666667,0.6158510723651762,33.5926,34.8237,0.0,0.0,0.0,0.0,3
RandomForest,c1,padding_L2,padding,2,True,0.013333333333333334,0.010190845565179237,0.0022,0.0222,65.74003333333333,0.7864690797058236,65.0119,66.5741,34.24666666666666,0.7789957659277323,33.4237,34.9726,0.0,0.0,0.0,0.0,3
RandomForest,c1,padding_L3,padding,3,True,0.011099999999999999,0.002199999999999999,0.0089,0.0133,66.09186666666666,1.5179252495868532,64.5608,67.5963,33.89703333333333,1.5157255039529236,32.3948,35.4259,0.0,0.0,0.0,0.0,3
RandomForest,c1,padding_L4,padding,4,True,0.022966666666666666,0.0034151622704248386,0.02,0.0267,65.08966666666667,2.7009898599093964,61.9897,66.9363,34.88733333333334,2.7019623116049067,33.037,37.988,0.0,0.0,0.0,0.0,3
RandomForest,c1,timing_L1,timing,1,True,0.07183333333333333,0.016386071320891208,0.0533,0.0844,75.70276666666668,0.07506359525984727,75.6161,75.7472,24.225399999999997,0.06513393892587672,24.1772,24.2995,0.0,0.0,0.0,0.0,3
RandomForest,c1,timing_L2,timing,2,True,0.11776666666666667,0.0739666366230974,0.0644,0.2022,75.6413,0.08565483057014488,75.5428,75.6983,24.240933333333334,0.1278408906936037,24.115,24.3706,0.0053,0.0,0.0053,0.0053,3
RandomForest,c1,timing_L3,timing,3,True,0.2674,0.030317816544071927,0.2467,0.3022,74.87906666666667,0.13103626724435521,74.7783,75.0272,24.85353333333333,0.161240358884906,24.6706,24.975,0.003533333333333333,0.0061199128534100335,0.0,0.0106,3
RandomForest,c1,timing_L4,timing,4,True,0.2837,0.02016804403009871,0.2622,0.3022,74.57983333333334,0.0638824962985472,74.5295,74.6517,25.136466666666667,0.07334400679901175,25.0617,25.2083,0.007066666666666666,0.0061199128534100335,0.0,0.0106,3
RandomForest,c1,ttl_both_L1,ttl_both,1,False,33.7763,1.7838172580171978,31.9682,35.5348,53.61216666666667,1.1351196823830216,52.5011,54.7699,12.611566666666667,1.496616064103727,10.8998,13.673,3.2006666666666668,0.27040684779297514,2.9251,3.4656,3
RandomForest,c1,ttl_hold_L1,ttl_hold,1,True,0.18446666666666664,0.10300749163693548,0.0667,0.2578,74.34353333333333,0.19906512334743984,74.1139,74.4672,25.472033333333332,0.15338609237259,25.3217,25.6283,0.003533333333333333,0.0061199128534100335,0.0,0.0106,3
RandomForest,c1,ttl_hold_L2,ttl_hold,2,True,0.18296666666666664,0.10171437132152632,0.0667,0.2555,74.23906666666666,0.3168949405297165,73.885,74.4961,25.577933333333334,0.24375728365186006,25.4372,25.8594,0.003533333333333333,0.0061199128534100335,0.0,0.0106,3
RandomForest,c1,ttl_hold_L3,ttl_hold,3,True,3.0614000000000003,0.47784297630079275,2.5799,3.5355,73.35170000000001,0.1405080780595944,73.2673,73.5139,23.5869,0.6041840199806666,22.9506,24.1528,0.15016666666666667,0.05037324025048749,0.1007,0.2014,3
RandomForest,c1,ttl_mimic_L1,ttl_mimic,1,True,2.9962,0.9279241186648831,2.2155,4.0221,73.5006,0.6707605608561126,72.7962,74.1317,23.50316666666667,0.2786194956088554,23.1817,23.675,0.1272,0.029509151122999115,0.1007,0.159,3
RandomForest,c1,ttl_mimic_L2,ttl_mimic,2,True,0.18223333333333333,0.10093489650925162,0.0667,0.2533,74.23023333333333,0.3057358391378622,73.8895,74.4806,25.5876,0.23348044886028457,25.4528,25.8572,0.003533333333333333,0.0061199128534100335,0.0,0.0106,3
RandomForest,c1,ttl_mimic_L3,ttl_mimic,3,True,15.121133333333333,3.2992759695626166,11.902,18.4951,67.86366666666667,1.70796564758584,66.1052,69.5162,17.0152,1.5916134926545453,15.3997,18.5818,0.9185333333333333,0.2561212668509457,0.7525,1.2135,3
RandomForest,o1,combined_hold_L1,combined_hold,1,True,0.6007666666666666,0.08065738238582583,0.5267,0.6867,52.50106666666667,0.05633651864761926,52.4611,52.5655,46.89823333333334,0.13587970169724875,46.7479,47.0123,0.0053,0.0,0.0053,0.0053,3
RandomForest,o1,combined_hold_L2,combined_hold,2,True,0.7155666666666667,0.261446310613352,0.4467,0.9689,51.94476666666666,0.19036633981177584,51.7366,52.11,47.33969999999999,0.45060709049015196,46.9212,47.8167,0.0053,0.0,0.0053,0.0053,3
RandomForest,o1,combined_hold_L3,combined_hold,3,True,17.227766666666668,4.999456616806802,12.7108,22.5995,48.65153333333333,2.853318191743313,45.9279,51.6189,34.120733333333334,4.131546583706073,31.4726,38.8814,0.484,0.2524953068870786,0.2862,0.7684,3
RandomForest,o1,combined_hold_L4,combined_hold,4,True,29.623033333333336,9.60671932000375,19.3107,38.3191,41.7139,7.528352382161719,33.1926,47.4634,28.663066666666666,7.454686610672064,21.2973,36.2036,17.545433333333335,10.256165390794619,7.4188,27.9264,3
RandomForest,o1,combined_mimic_L1,combined_mimic,1,True,6.781333333333333,2.664788984766586,4.691,9.782,51.06776666666667,1.0952689958787882,49.8389,51.9411,42.150933333333334,1.753593836477913,40.3791,43.8857,0.5564,0.09316549790560882,0.4875,0.6624,3
RandomForest,o1,combined_mimic_L2,combined_mimic,2,True,0.7244,0.27055498516937365,0.4444,0.9844,51.9544,0.18811291821669104,51.7411,52.0966,47.3212,0.4546476327882965,46.919,47.8145,0.0053,0.0,0.0053,0.0053,3
RandomForest,o1,combined_mimic_L3,combined_mimic,3,True,71.2525,7.387896996439511,66.2874,79.7427,21.041,6.200868702851239,14.2952,26.4927,7.706500000000001,2.031946783259837,5.9621,9.9376,75.31483333333334,16.66999862637467,62.6994,94.2133,3
RandomForest,o1,combined_mimic_L4,combined_mimic,4,True,80.3182,4.317270701496492,75.8361,84.4492,14.803366666666667,3.8036546509026468,11.5375,18.9796,4.8784,0.7599218183471245,4.0132,5.4377,90.36970000000001,7.060672140101114,86.1746,98.5215,3
RandomForest,o1,connection_rate_L1,connection_rate,1,True,0.12666666666666668,0.03149370307431842,0.1022,0.1622,74.19096666666667,0.01808986825085434,74.1784,74.2117,25.6824,0.04895988153580331,25.6261,25.715,0.003533333333333333,0.0061199128534100335,0.0,0.0106,3
RandomForest,o1,connection_rate_L2,connection_rate,2,True,0.15480000000000002,0.014801013478812878,0.1422,0.1711,74.47093333333333,0.0457692400344802,74.4228,74.5139,25.374266666666667,0.03612815153496362,25.335,25.4061,0.0053,0.0,0.0053,0.0053,3
RandomForest,o1,connection_rate_L3,connection_rate,3,True,0.18963333333333332,0.013360513962169758,0.1756,0.2022,73.81836666666666,0.3458244400462968,73.4917,74.1806,25.992033333333335,0.3324118128667117,25.6439,26.3061,0.0053,0.0,0.0053,0.0053,3
RandomForest,o1,connection_rate_L4,connection_rate,4,True,0.30960000000000004,0.014462710672622886,0.2955,0.3244,73.1569,0.46620157657390277,72.8228,73.6895,26.5335,0.45534546225915057,26.015,26.8683,0.0371,0.0,0.0371,0.0371,3
RandomForest,o1,identity_L0,identity,0,True,0.0,0.0,0.0,0.0,74.9709,0.07188010851410907,74.9294,75.0539,25.0291,0.07188010851410703,24.9461,25.0706,0.0,0.0,0.0,0.0,3
RandomForest,o1,padding_L1,padding,1,True,0.10076666666666667,0.007129048557369578,0.0956,0.1089,66.2415,2.1083680513610497,63.8875,67.9563,33.65776666666667,2.1126122226602155,31.9348,36.0148,0.0,0.0,0.0,0.0,3
RandomForest,o1,padding_L2,padding,2,True,0.0704,0.010967223896684152,0.0578,0.0778,65.78003333333334,1.918892024928276,63.5786,67.0985,34.149633333333334,1.9156156434246743,32.8237,36.3459,0.0,0.0,0.0,0.0,3
RandomForest,o1,padding_L3,padding,3,True,0.0785,0.01847078774714278,0.0578,0.0933,67.69703333333332,0.21570197804687774,67.4652,67.8918,32.224466666666665,0.20937445721322664,32.0237,32.4415,0.0,0.0,0.0,0.0,3
RandomForest,o1,padding_L4,padding,4,True,0.09999999999999999,0.016808331267558953,0.0822,0.1156,66.71256666666666,0.5598318170069808,66.3096,67.3518,33.18736666666667,0.5644551473176004,32.5459,33.6081,0.0,0.0,0.0,0.0,3
RandomForest,o1,timing_L1,timing,1,True,0.19256666666666666,0.008990179827641559,0.1844,0.2022,75.2583,0.0722251341293359,75.185,75.3294,24.549066666666665,0.07796950258487856,24.4683,24.6239,0.0053,0.0,0.0053,0.0053,3
RandomForest,o1,timing_L2,timing,2,True,0.1785,0.028162386262531085,0.1533,0.2089,75.27683333333333,0.10223156720569866,75.1761,75.3805,24.544633333333334,0.11473666952344933,24.4461,24.6706,0.0053,0.0,0.0053,0.0053,3
RandomForest,o1,timing_L3,timing,3,True,0.5074333333333333,0.12110166527894375,0.3867,0.6289,74.56349999999999,0.01695553007133353,74.545,74.5783,24.929066666666667,0.13276009691670768,24.8039,25.0683,0.012366666666666666,0.013338040835644991,0.0,0.0265,3
RandomForest,o1,timing_L4,timing,4,True,0.66,0.05992670523230862,0.5911,0.7,74.25760000000001,0.13245482248676171,74.105,74.3428,25.082399999999996,0.1133574435138695,24.9683,25.195,0.0053,0.009179869280115051,0.0,0.0159,3
RandomForest,o1,ttl_both_L1,ttl_both,1,False,36.0836,3.4971298188657522,32.8459,39.7924,51.60326666666666,2.713424829128924,48.9078,54.3343,12.313033333333331,0.8775724091682312,11.2997,12.8197,3.315533333333333,0.03722597659341304,3.2802,3.3544,3
RandomForest,o1,ttl_hold_L1,ttl_hold,1,True,0.3688666666666667,0.09782537162379365,0.2689,0.4644,74.0702,0.23079317580899122,73.905,74.3339,25.560933333333335,0.1622703402761347,25.3972,25.7217,0.0106,0.018359738560230102,0.0,0.0318,3
RandomForest,o1,ttl_hold_L2,ttl_hold,2,True,0.3526,0.07902107313875206,0.2667,0.4222,74.0213,0.1496927185937915,73.8872,74.1828,25.626099999999997,0.10337562575384855,25.5505,25.7439,0.003533333333333333,0.0061199128534100335,0.0,0.0106,3
RandomForest,o1,ttl_hold_L3,ttl_hold,3,True,5.366533333333333,1.6460832613611411,4.2088,7.2509,71.6747,0.7009515461142829,70.8784,72.1984,22.95873333333333,0.9466391146225341,21.8706,23.5928,0.2526,0.0657847246707015,0.212,0.3285,3
RandomForest,o1,ttl_mimic_L1,ttl_mimic,1,True,3.7932666666666663,0.6069605121697236,3.1022,4.2399,72.85766666666666,0.35895019617396706,72.4451,73.0984,23.349100000000004,0.4343550736436713,22.9328,23.7995,0.159,0.019109421759959142,0.1431,0.1802,3
RandomForest,o1,ttl_mimic_L2,ttl_mimic,2,True,0.3592666666666667,0.08925499052340624,0.2622,0.4378,74.008,0.1510573732063436,73.8784,74.1739,25.63276666666667,0.09715890763760847,25.5639,25.7439,0.003533333333333333,0.0061199128534100335,0.0,0.0106,3
RandomForest,o1,ttl_mimic_L3,ttl_mimic,3,True,19.595100000000002,1.5540710537166558,18.2129,21.2773,64.783,0.8619506308368218,64.0297,65.723,15.621866666666667,0.8047284034587912,14.693,16.1085,1.7275,0.2330192481319945,1.5367,1.9872,3
RandomForest,o6,combined_hold_L1,combined_hold,1,True,0.008133333333333334,0.00513841739578767,0.0022,0.0111,75.76126666666666,0.03442736314813915,75.7361,75.8005,24.2306,0.03788970836519941,24.1884,24.2617,0.0,0.0,0.0,0.0,3
RandomForest,o6,combined_hold_L2,combined_hold,2,True,0.0007333333333333333,0.001270170592217177,0.0,0.0022,75.62053333333334,0.06934741042990004,75.5405,75.6628,24.378733333333333,0.06995543819699325,24.3372,24.4595,0.0,0.0,0.0,0.0,3
RandomForest,o6,combined_hold_L3,combined_hold,3,True,0.0014666666666666667,0.0012701705922171767,0.0,0.0022,75.95016666666668,0.17133386510942042,75.7739,76.1161,24.048333333333332,0.17027320204111276,23.8839,24.2239,0.0,0.0,0.0,0.0,3
RandomForest,o6,combined_hold_L4,combined_hold,4,True,0.13703333333333334,0.04491785094295289,0.1111,0.1889,76.12423333333334,0.07729458799510071,76.0361,76.1805,23.738733333333332,0.10232933759842754,23.655,23.8528,0.0,0.0,0.0,0.0,3
RandomForest,o6,combined_mimic_L1,combined_mimic,1,True,0.0,0.0,0.0,0.0,76.27906666666667,0.06704344362674103,76.2339,76.3561,23.720933333333335,0.06704344362675405,23.6439,23.7661,0.0,0.0,0.0,0.0,3
RandomForest,o6,combined_mimic_L2,combined_mimic,2,True,0.0007333333333333333,0.001270170592217177,0.0,0.0022,75.6287,0.07647986663168577,75.5428,75.6894,24.37053333333333,0.07739860033187597,24.3083,24.4572,0.0,0.0,0.0,0.0,3
RandomForest,o6,combined_mimic_L3,combined_mimic,3,True,0.011099999999999999,0.017355402617052706,0.0,0.0311,76.05536666666667,0.17294638861025974,75.8739,76.2183,23.933533333333333,0.1879352636769741,23.7506,24.1261,0.0,0.0,0.0,0.0,3
RandomForest,o6,combined_mimic_L4,combined_mimic,4,True,0.17779999999999999,0.03656282264814903,0.1556,0.22,75.82276666666667,0.1699972450757105,75.665,76.0028,23.9995,0.17088007490634968,23.8395,24.1795,0.0,0.0,0.0,0.0,3
RandomForest,o6,connection_rate_L1,connection_rate,1,True,0.014799999999999999,0.002598076211353316,0.0133,0.0178,75.98423333333334,0.11251188085413046,75.8672,76.0916,24.000966666666667,0.11466831878654841,23.8906,24.1195,0.0,0.0,0.0,0.0,3
RandomForest,o6,connection_rate_L2,connection_rate,2,True,0.011833333333333335,0.0012701705922171763,0.0111,0.0133,76.2857,0.03251338186039446,76.2561,76.3205,23.702466666666666,0.031521632783428406,23.6684,23.7306,0.0,0.0,0.0,0.0,3
RandomForest,o6,connection_rate_L3,connection_rate,3,True,0.0037,0.002598076211353316,0.0022,0.0067,76.00496666666668,0.12706613763443889,75.9272,76.1516,23.9913,0.1257661321660155,23.8461,24.0661,0.0,0.0,0.0,0.0,3
RandomForest,o6,connection_rate_L4,connection_rate,4,True,0.0037,0.002598076211353316,0.0022,0.0067,75.83386666666667,0.01335003121095597,75.8205,75.8472,24.162433333333336,0.011172436320396875,24.1506,24.1728,0.0,0.0,0.0,0.0,3
RandomForest,o6,identity_L0,identity,0,True,0.0,0.0,0.0,0.0,75.15313333333334,0.04790921971117229,75.1072,75.2028,24.846866666666667,0.04790921971117229,24.7972,24.8928,0.0,0.0,0.0,0.0,3
RandomForest,o6,padding_L1,padding,1,True,0.013333333333333334,0.002250185177565023,0.0111,0.0156,75.22276666666666,0.054752199346987385,75.165,75.2739,24.763899999999996,0.056946378286945695,24.7106,24.8239,0.0,0.0,0.0,0.0,3
RandomForest,o6,padding_L2,padding,2,True,0.008133333333333333,0.006466323014923807,0.0044,0.0156,74.87316666666666,0.09999831665249795,74.7828,74.9806,25.1187,0.09924882870845406,25.015,25.2128,0.0,0.0,0.0,0.0,3
RandomForest,o6,padding_L3,padding,3,True,0.0074,0.004635730794599704,0.0022,0.0111,75.0791,0.0635002362200305,75.0339,75.1517,24.9135,0.0643265885928987,24.8394,24.955,0.0,0.0,0.0,0.0,3
RandomForest,o6,padding_L4,padding,4,True,0.017066666666666664,0.0025403411844343534,0.0156,0.02,74.22426666666667,0.014821043597981877,74.2072,74.2339,25.7587,0.012264990827556615,25.7505,25.7728,0.0,0.0,0.0,0.0,3
RandomForest,o6,timing_L1,timing,1,True,0.0289,0.009681425514871247,0.0178,0.0356,75.8435,0.0191204079454389,75.8228,75.8605,24.127633333333335,0.012231652927276319,24.1195,24.1417,0.0017666666666666666,0.0030599564267050168,0.0,0.0053,3
RandomForest,o6,timing_L2,timing,2,True,0.0163,0.004635730794599702,0.0111,0.02,76.21016666666667,0.0861954948552098,76.1539,76.3094,23.773566666666667,0.08183668696454607,23.6795,23.8284,0.003533333333333333,0.0030599564267050168,0.0,0.0053,3
RandomForest,o6,timing_L3,timing,3,True,0.0007333333333333333,0.001270170592217177,0.0,0.0022,76.5931,0.022287889088019264,76.5716,76.6161,23.406133333333333,0.021191114490119883,23.3839,23.4261,0.0,0.0,0.0,0.0,3
RandomForest,o6,timing_L4,timing,4,True,0.09926666666666666,0.06389697436759688,0.0311,0.1578,76.42573333333333,0.1643618670292287,76.2361,76.5272,23.474999999999998,0.12233237510978029,23.3639,23.6061,0.0,0.0,0.0,0.0,3
RandomForest,o6,ttl_both_L1,ttl_both,1,False,0.6881333333333334,0.1685494685050456,0.5555,0.8778,76.065,0.09165151389910865,75.965,76.145,23.2469,0.07798692198054873,23.1573,23.2995,0.14663333333333334,0.02504682281913883,0.1272,0.1749,3
RandomForest,o6,ttl_hold_L1,ttl_hold,1,True,0.0,0.0,0.0,0.0,75.3472,0.02903256791949058,75.3139,75.3672,24.6528,0.029032567919493532,24.6328,24.6861,0.0,0.0,0.0,0.0,3
RandomForest,o6,ttl_hold_L2,ttl_hold,2,True,0.0,0.0,0.0,0.0,75.2102,0.01266214831693312,75.1961,75.2206,24.7898,0.012662148316931921,24.7794,24.8039,0.0,0.0,0.0,0.0,3
RandomForest,o6,ttl_hold_L3,ttl_hold,3,True,0.0,0.0,0.0,0.0,75.60943333333334,0.03662053158180139,75.5872,75.6517,24.39056666666667,0.036620531581797344,24.3483,24.4128,0.0,0.0,0.0,0.0,3
RandomForest,o6,ttl_mimic_L1,ttl_mimic,1,True,0.0007333333333333333,0.0012701705922171767,0.0,0.0022,76.02720000000001,0.05888743499253313,75.9761,76.0916,23.972066666666667,0.05793896213545243,23.9084,24.0217,0.0,0.0,0.0,0.0,3
RandomForest,o6,ttl_mimic_L2,ttl_mimic,2,True,0.0,0.0,0.0,0.0,75.20646666666666,0.014821043597976896,75.1894,75.2161,24.793533333333333,0.014821043597984342,24.7839,24.8106,0.0,0.0,0.0,0.0,3
RandomForest,o6,ttl_mimic_L3,ttl_mimic,3,True,0.0074,0.0034044089061098406,0.0044,0.0111,76.48126666666667,0.07254276899411588,76.405,76.5494,23.511300000000002,0.07014470756942322,23.4439,23.5839,0.0,0.0,0.0,0.0,3
RandomForest,o6_loo,combined_hold_L1,combined_hold,1,True,0.1,,0.1,0.1,72.4806,,72.4806,72.4806,27.4194,,27.4194,27.4194,0.0,,0.0,0.0,1
RandomForest,o6_loo,combined_hold_L2,combined_hold,2,True,0.1622,,0.1622,0.1622,66.9696,,66.9696,66.9696,32.8682,,32.8682,32.8682,0.0053,,0.0053,0.0053,1
RandomForest,o6_loo,combined_hold_L3,combined_hold,3,True,0.7244,,0.7244,0.7244,65.3008,,65.3008,65.3008,33.9748,,33.9748,33.9748,0.0583,,0.0583,0.0583,1
RandomForest,o6_loo,combined_hold_L4,combined_hold,4,True,0.8289,,0.8289,0.8289,64.1652,,64.1652,64.1652,35.0059,,35.0059,35.0059,0.0318,,0.0318,0.0318,1
RandomForest,o6_loo,combined_mimic_L1,combined_mimic,1,True,1.1666,,1.1666,1.1666,71.554,,71.554,71.554,27.2794,,27.2794,27.2794,0.0636,,0.0636,0.0636,1
RandomForest,o6_loo,combined_mimic_L2,combined_mimic,2,True,0.1622,,0.1622,0.1622,66.9718,,66.9718,66.9718,32.8659,,32.8659,32.8659,0.0053,,0.0053,0.0053,1
RandomForest,o6_loo,combined_mimic_L3,combined_mimic,3,True,10.7153,,10.7153,10.7153,61.5786,,61.5786,61.5786,27.7061,,27.7061,27.7061,1.8971,,1.8971,1.8971,1
RandomForest,o6_loo,combined_mimic_L4,combined_mimic,4,True,11.842,,11.842,11.842,59.6987,,59.6987,59.6987,28.4594,,28.4594,28.4594,2.0508,,2.0508,2.0508,1
RandomForest,o6_loo,connection_rate_L1,connection_rate,1,True,0.0089,,0.0089,0.0089,76.085,,76.085,76.085,23.9061,,23.9061,23.9061,0.0,,0.0,0.0,1
RandomForest,o6_loo,connection_rate_L2,connection_rate,2,True,0.0044,,0.0044,0.0044,76.1761,,76.1761,76.1761,23.8195,,23.8195,23.8195,0.0,,0.0,0.0,1
RandomForest,o6_loo,connection_rate_L3,connection_rate,3,True,0.0,,0.0,0.0,75.805,,75.805,75.805,24.195,,24.195,24.195,0.0,,0.0,0.0,1
RandomForest,o6_loo,connection_rate_L4,connection_rate,4,True,0.0,,0.0,0.0,75.8828,,75.8828,75.8828,24.1172,,24.1172,24.1172,0.0,,0.0,0.0,1
RandomForest,o6_loo,identity_L0,identity,0,True,0.0,,0.0,0.0,75.165,,75.165,75.165,24.835,,24.835,24.835,0.0,,0.0,0.0,1
RandomForest,o6_loo,padding_L1,padding,1,True,0.0067,,0.0067,0.0067,75.2872,,75.2872,75.2872,24.7061,,24.7061,24.7061,0.0,,0.0,0.0,1
RandomForest,o6_loo,padding_L2,padding,2,True,0.0044,,0.0044,0.0044,74.5183,,74.5183,74.5183,25.4772,,25.4772,25.4772,0.0,,0.0,0.0,1
RandomForest,o6_loo,padding_L3,padding,3,True,0.0022,,0.0022,0.0022,75.0828,,75.0828,75.0828,24.915,,24.915,24.915,0.0,,0.0,0.0,1
RandomForest,o6_loo,padding_L4,padding,4,True,0.0089,,0.0089,0.0089,74.6672,,74.6672,74.6672,25.3239,,25.3239,25.3239,0.0,,0.0,0.0,1
RandomForest,o6_loo,timing_L1,timing,1,True,0.02,,0.02,0.02,75.9761,,75.9761,75.9761,24.0039,,24.0039,24.0039,0.0,,0.0,0.0,1
RandomForest,o6_loo,timing_L2,timing,2,True,0.0156,,0.0156,0.0156,76.2494,,76.2494,76.2494,23.735,,23.735,23.735,0.0,,0.0,0.0,1
RandomForest,o6_loo,timing_L3,timing,3,True,0.0,,0.0,0.0,76.4361,,76.4361,76.4361,23.5639,,23.5639,23.5639,0.0,,0.0,0.0,1
RandomForest,o6_loo,timing_L4,timing,4,True,0.0,,0.0,0.0,76.7538,,76.7538,76.7538,23.2462,,23.2462,23.2462,0.0,,0.0,0.0,1
RandomForest,o6_loo,ttl_both_L1,ttl_both,1,False,31.5504,,31.5504,31.5504,52.1722,,52.1722,52.1722,16.2774,,16.2774,16.2774,2.9728,,2.9728,2.9728,1
RandomForest,o6_loo,ttl_hold_L1,ttl_hold,1,True,0.0267,,0.0267,0.0267,74.2161,,74.2161,74.2161,25.7572,,25.7572,25.7572,0.0,,0.0,0.0,1
RandomForest,o6_loo,ttl_hold_L2,ttl_hold,2,True,0.0267,,0.0267,0.0267,74.1761,,74.1761,74.1761,25.7972,,25.7972,25.7972,0.0,,0.0,0.0,1
RandomForest,o6_loo,ttl_hold_L3,ttl_hold,3,True,1.6489,,1.6489,1.6489,73.3428,,73.3428,73.3428,25.0083,,25.0083,25.0083,0.1272,,0.1272,0.1272,1
RandomForest,o6_loo,ttl_mimic_L1,ttl_mimic,1,True,1.3089,,1.3089,1.3089,73.6117,,73.6117,73.6117,25.0794,,25.0794,25.0794,0.0689,,0.0689,0.0689,1
RandomForest,o6_loo,ttl_mimic_L2,ttl_mimic,2,True,0.0267,,0.0267,0.0267,74.1606,,74.1606,74.1606,25.8128,,25.8128,25.8128,0.0,,0.0,0.0,1
RandomForest,o6_loo,ttl_mimic_L3,ttl_mimic,3,True,10.8842,,10.8842,10.8842,68.4518,,68.4518,68.4518,20.664,,20.664,20.664,0.7896,,0.7896,0.7896,1
Transformer,c1,combined_hold_L1,combined_hold,1,True,8.8769,4.709179388173697,4.2128,13.6299,26.7574,16.783454838620088,15.4062,46.0362,64.36573333333332,21.19296016235895,40.3339,80.381,10.934400000000002,9.016188168511126,0.5301,16.4599,3
Transformer,c1,combined_hold_L2,combined_hold,2,True,12.899966666666666,6.099930586763536,5.8979,17.0624,25.704333333333334,15.345828985862356,14.9326,43.2751,61.39566666666667,19.22811092393981,40.9853,79.1694,19.380866666666666,16.845921257780276,2.2159,35.8885,3
Transformer,c1,combined_hold_L3,combined_hold,3,True,27.483599999999996,5.159636092787937,24.2075,33.4312,24.58536666666667,14.360805550293248,14.0923,40.9519,47.931000000000004,13.732299943199612,34.2359,61.7002,48.151700000000005,20.865723436056562,34.0967,72.1268,3
Transformer,c1,combined_hold_L4,combined_hold,4,True,44.47556666666667,6.7695829681992485,37.246,50.6647,18.020533333333333,3.3921432197555172,14.3724,21.0795,37.50386666666667,8.25906213460907,28.2557,44.1443,85.34243333333335,7.2482723571436924,79.4529,93.4372,3
Transformer,c1,combined_mimic_L1,combined_mimic,1,True,61.96033333333333,10.444143944016348,53.3213,73.5672,13.795866666666667,1.9450579794271774,12.4116,16.0197,24.24376666666667,9.381605185325876,13.4765,30.6589,97.01546666666667,0.3446730383034491,96.6656,97.3547,3
Transformer,c1,combined_mimic_L2,combined_mimic,2,True,12.928866666666666,6.048767975656972,5.9757,16.9779,25.762133333333335,15.327545847373393,14.9815,43.3084,61.30896666666666,19.236461361262187,40.8586,79.0427,19.4268,16.804392661741748,2.2901,35.8779,3
Transformer,c1,combined_mimic_L3,combined_mimic,3,True,69.51523333333334,7.340308278494393,62.9852,77.4599,11.632800000000001,1.6553914310518825,10.5131,13.5343,18.851966666666666,6.29097866578272,11.6891,23.4805,97.69756666666666,0.3458703562512037,97.3972,98.0757,3
Transformer,c1,combined_mimic_L4,combined_mimic,4,True,72.51716666666667,5.812515027364089,68.214,79.1294,11.436433333333333,0.415564150683542,11.1289,11.9092,16.046400000000002,5.501970862336513,9.7417,19.8768,97.80356666666667,0.09341265082060612,97.7046,97.8902,3
Transformer,c1,connection_rate_L1,connection_rate,1,True,0.0007333333333333333,0.0012701705922171767,0.0,0.0022,73.0544,0.4681842692786695,72.5779,73.5138,26.944866666666666,0.4670651168020704,26.4862,27.4199,0.0,0.0,0.0,0.0,3
Transformer,c1,connection_rate_L2,connection_rate,2,True,0.0014666666666666667,0.0012701705922171767,0.0,0.0022,70.66086666666666,1.2290787295097676,69.6679,72.0355,29.337666666666667,1.229420921952013,27.9623,30.3299,0.0017666666666666666,0.0030599564267050168,0.0,0.0053,3
Transformer,c1,connection_rate_L3,connection_rate,3,True,0.0,0.0,0.0,0.0,59.826166666666666,3.691925216378755,57.0717,64.0212,40.173833333333334,3.69192521637876,35.9788,42.9283,0.0,0.0,0.0,0.0,3
Transformer,c1,connection_rate_L4,connection_rate,4,True,0.0,0.0,0.0,0.0,31.672666666666668,0.9088309322053978,30.9724,32.6997,68.32733333333333,0.9088309322054062,67.3003,69.0276,0.0,0.0,0.0,0.0,3
Transformer,c1,identity_L0,identity,0,True,0.0,0.0,0.0,0.0,74.07260000000001,0.4326050277100341,73.6161,74.4765,25.927400000000002,0.4326050277100348,25.5235,26.3839,0.0,0.0,0.0,0.0,3
Transformer,c1,padding_L1,padding,1,True,0.034833333333333334,0.03546354936175077,0.0111,0.0756,68.4733,0.48838326138392485,68.0828,69.0209,31.491866666666667,0.48302364676414344,30.9613,31.9061,0.0017666666666666666,0.0030599564267050168,0.0,0.0053,3
Transformer,c1,padding_L2,padding,2,True,0.027399999999999997,0.02019009658223556,0.0044,0.0422,67.4003,0.2054350505634356,67.2469,67.6337,32.57226666666667,0.2160381062065963,32.324,32.7175,0.0017666666666666666,0.0030599564267050168,0.0,0.0053,3
Transformer,c1,padding_L3,padding,3,True,0.030366666666666667,0.014145081595145829,0.0222,0.0467,64.20049999999999,2.270872627427621,62.4428,66.7645,35.769133333333336,2.2614357437993564,33.2133,37.5106,0.003533333333333333,0.0030599564267050168,0.0,0.0053,3
Transformer,c1,padding_L4,padding,4,True,0.05703333333333333,0.04698184046345283,0.0133,0.1067,47.99106666666666,19.186245726127176,27.5733,65.6463,51.95186666666666,19.15397746300578,34.3026,72.32,0.008833333333333334,0.0030599564267050168,0.0053,0.0106,3
Transformer,c1,timing_L1,timing,1,True,0.006666666666666667,0.002250185177565023,0.0044,0.0089,73.90143333333333,0.596355400187958,73.256,74.432,26.091933333333333,0.5985691967795631,25.5591,26.7396,0.0017666666666666666,0.0030599564267050168,0.0,0.0053,3
Transformer,c1,timing_L2,timing,2,True,0.009633333333333332,0.0033605555096342817,0.0067,0.0133,73.7458,0.6692945614600494,73.0359,74.3653,26.244566666666667,0.6668163640263575,25.6258,26.9508,0.0017666666666666666,0.0030599564267050168,0.0,0.0053,3
Transformer,c1,timing_L3,timing,3,True,0.015533333333333331,0.013891124264555885,0.0044,0.0311,73.07366666666667,0.44038188352080715,72.6624,73.5383,26.910766666666664,0.45141216569044,26.4306,27.3265,0.0017666666666666666,0.0030599564267050168,0.0,0.0053,3
Transformer,c1,timing_L4,timing,4,True,0.019966666666666667,0.019762169246652386,0.0044,0.0422,72.48676666666667,0.5872198253919347,71.8576,73.0203,27.4932,0.5998146713777521,26.9374,28.129,0.003533333333333333,0.0030599564267050168,0.0,0.0053,3
Transformer,c1,ttl_both_L1,ttl_both,1,False,87.33863333333333,8.980453371814441,80.2054,97.4234,2.2409,2.31246209914887,0.6625,4.8953,10.420466666666668,7.370184755033847,1.9141,14.8993,99.36736666666667,0.3447330029650986,99.0988,99.7561,3
Transformer,c1,ttl_hold_L1,ttl_hold,1,True,6.451466666666668,4.951621602397879,3.2924,12.1582,25.98296666666667,15.08023103945471,15.8085,43.3084,67.56553333333333,20.02903685086563,44.5334,80.899,6.322466666666667,6.610250922872242,0.4294,13.4701,3
Transformer,c1,ttl_hold_L2,ttl_hold,2,True,6.6893,5.044015983321227,3.4191,12.4983,25.917766666666665,15.011344864912447,15.7885,43.1639,67.39286666666666,20.05391121311085,44.3377,80.7923,6.6617,6.820618675017685,0.4983,13.9896,3
Transformer,c1,ttl_hold_L3,ttl_hold,3,True,10.2767,5.99096506499579,4.3751,16.3532,25.447933333333328,14.464356368097867,15.6351,42.059,64.27533333333334,20.128316152210385,41.5877,79.9898,12.9188,10.096814119810269,1.2617,18.9196,3
Transformer,c1,ttl_mimic_L1,ttl_mimic,1,True,60.068466666666666,10.26877182594556,51.9964,71.6264,13.709933333333334,2.3041091908443354,12.1604,16.3577,26.221633333333333,8.677734690766556,16.2132,31.646,96.90413333333333,0.3298042500231528,96.5914,97.2487,3
Transformer,c1,ttl_mimic_L2,ttl_mimic,2,True,6.764933333333333,5.100579879124855,3.5703,12.6473,25.962266666666665,15.001677643628172,15.8219,43.1951,67.27283333333334,20.097044372825902,44.1577,80.6078,6.72,6.830884479333552,0.5831,14.0797,3
Transformer,c1,ttl_mimic_L3,ttl_mimic,3,True,63.17196666666666,11.467704562959982,54.6908,76.2194,12.974066666666667,2.4023777936314126,11.0555,15.6685,23.853966666666665,9.640444608695873,12.7251,29.6407,97.28406666666666,0.7028040433387751,96.7027,98.0651,3
Transformer,o1,combined_hold_L1,combined_hold,1,True,3.7851999999999997,1.8899824787547634,1.6029,4.8908,28.884133333333335,10.396108030091517,18.414,39.2046,67.33063333333332,12.073844100920523,55.9335,79.9831,2.305966666666667,2.591144375239121,0.4665,5.2693,3
Transformer,o1,combined_hold_L2,combined_hold,2,True,4.640366666666666,2.5359162374442366,1.9608,7.0028,25.209366666666668,9.290459211650056,18.1406,35.7321,70.15026666666667,10.337411599299571,59.3104,79.8986,3.9864333333333337,4.976384704113352,0.7528,9.7169,3
Transformer,o1,combined_hold_L3,combined_hold,3,True,8.255166666666666,4.042181272943277,4.6419,12.6206,17.858266666666665,1.0515500003962417,16.8067,18.9098,73.8866,3.4732916995265453,70.5727,77.4999,9.8247,8.386097191781168,4.9618,19.5081,3
Transformer,o1,combined_hold_L4,combined_hold,4,True,15.575833333333334,1.9769328727433657,13.452,17.3625,26.21196666666667,11.761488253759955,18.5474,39.7537,58.21216666666667,12.352466805190506,44.3333,68.0005,25.7563,3.280168064291828,23.0386,29.3999,3
Transformer,o1,combined_mimic_L1,combined_mimic,1,True,47.85913333333334,3.83911196155222,45.287,52.272,15.1016,3.625120713852161,12.6851,19.2699,37.03926666666667,3.1176532557892522,35.0429,40.6318,84.1921,11.002457452314918,74.9523,96.3634,3
Transformer,o1,combined_mimic_L2,combined_mimic,2,True,4.675933333333333,2.6704978212560544,1.9074,7.2362,25.206366666666668,9.331103017507274,18.165,35.7899,70.1177,10.335789581352746,59.326,79.9275,4.0041,5.016447887699024,0.7422,9.7805,3
Transformer,o1,combined_mimic_L3,combined_mimic,3,True,65.09196666666666,9.743846542989747,54.5707,73.8051,13.2186,3.5347252905989746,10.6042,17.2402,21.68943333333333,6.3087622631807365,15.5907,28.1891,97.35296666666666,0.711406454379866,96.7027,98.1128,3
Transformer,o1,combined_mimic_L4,combined_mimic,4,True,70.91576666666667,8.55259148172841,62.3227,79.4273,12.879199999999999,2.8681317978781946,10.1863,15.8952,16.205000000000002,5.701640356949918,10.3864,21.782,97.41303333333333,0.7717706416632648,96.8087,98.2824,3
Transformer,o1,connection_rate_L1,connection_rate,1,True,0.014066666666666667,0.024364181359802208,0.0,0.0422,73.11516666666667,1.4758814530081046,71.8754,74.7477,26.87076666666667,1.499237333891247,25.2101,28.1246,0.0,0.0,0.0,0.0,3
Transformer,o1,connection_rate_L2,connection_rate,2,True,0.0111,0.01922576396401454,0.0,0.0333,71.5323,2.7371273390180444,68.5874,73.9985,28.456599999999998,2.75215554792966,25.9682,31.4126,0.0,0.0,0.0,0.0,3
Transformer,o1,connection_rate_L3,connection_rate,3,True,0.0,0.0,0.0,0.0,63.76476666666667,5.214887920495833,57.8409,67.6626,36.23523333333333,5.214887920495832,32.3374,42.1591,0.0,0.0,0.0,0.0,3
Transformer,o1,connection_rate_L4,connection_rate,4,True,0.0,0.0,0.0,0.0,32.69976666666667,0.39837927071238877,32.433,33.1577,67.30023333333332,0.3983792707123933,66.8423,67.567,0.0,0.0,0.0,0.0,3
Transformer,o1,identity_L0,identity,0,True,0.0,0.0,0.0,0.0,73.85176666666666,1.7209468508159556,71.9755,75.3568,26.148233333333334,1.72094685081595,24.6432,28.0245,0.0,0.0,0.0,0.0,3
Transformer,o1,padding_L1,padding,1,True,0.10896666666666667,0.13660660062139507,0.0089,0.2646,67.6567,1.641758033328912,65.8419,69.0387,32.234366666666666,1.7282466963177836,30.6967,34.1048,0.0,0.0,0.0,0.0,3
Transformer,o1,padding_L2,padding,2,True,0.0089,0.013554703980537531,0.0,0.0245,67.18316666666668,1.468232373751969,65.5618,68.4229,32.80793333333333,1.4773951716901386,31.5526,34.436,0.0,0.0,0.0,0.0,3
Transformer,o1,padding_L3,padding,3,True,0.0126,0.012662148316932638,0.0022,0.0267,57.373333333333335,5.830860264432113,53.4392,64.0723,42.614066666666666,5.828913827921406,35.9188,46.5586,0.0,0.0,0.0,0.0,3
Transformer,o1,padding_L4,padding,4,True,0.03406666666666667,0.029353250813723055,0.0022,0.06,52.93006666666667,1.7416331598052819,51.0538,54.4951,47.035866666666664,1.7638863975135526,45.4649,48.944,0.0,0.0,0.0,0.0,3
Transformer,o1,timing_L1,timing,1,True,0.0074,0.012817175976009693,0.0,0.0222,73.91699999999999,1.8233138265257511,71.8999,75.448,26.075599999999998,1.8326553931386007,24.5298,28.1001,0.0,0.0,0.0,0.0,3
Transformer,o1,timing_L2,timing,2,True,0.017033333333333334,0.029502598755589873,0.0,0.0511,73.86213333333333,1.8888653851805615,71.7643,75.4279,26.120800000000003,1.9101972437421213,24.5209,28.2357,0.0,0.0,0.0,0.0,3
Transformer,o1,timing_L3,timing,3,True,0.013366666666666666,0.012401747188736486,0.0,0.0245,73.38566666666667,2.0816545254516527,71.1396,75.2501,26.601,2.084299337907107,24.7254,28.8449,0.0,0.0,0.0,0.0,3
Transformer,o1,timing_L4,timing,4,True,0.010366666666666668,0.008990179827641566,0.0022,0.02,73.02773333333333,2.118387529073317,70.8017,75.0189,26.961866666666666,2.112199480004984,24.9722,29.1783,0.0017666666666666666,0.0030599564267050168,0.0,0.0053,3
Transformer,o1,ttl_both_L1,ttl_both,1,False,74.60836666666667,3.434227111495874,70.8661,77.6155,3.7259333333333338,3.030368060703738,1.9741,7.2251,21.6657,4.9820067613362395,17.4314,27.1553,85.75593333333335,14.735804206195649,69.8632,98.9663,3
Transformer,o1,ttl_hold_L1,ttl_hold,1,True,2.9827,1.5930430534043953,1.3539,4.5374,33.2481,12.497338464249097,18.8186,40.6229,63.769200000000005,13.936010163960129,54.8397,79.8275,0.8870666666666667,0.5195090117922242,0.3658,1.4048,3
Transformer,o1,ttl_hold_L2,ttl_hold,2,True,3.0197000000000003,1.5873712735211005,1.3983,4.5707,33.033966666666664,12.337925577800076,18.7942,40.5362,63.946333333333335,13.781973699123556,54.8931,79.8075,0.9365333333333333,0.5278248794186697,0.3976,1.4525,3
Transformer,o1,ttl_hold_L3,ttl_hold,3,True,3.6377333333333333,1.5649645757439155,1.9519,5.0442,30.386233333333333,10.831872616188456,18.5541,39.8137,65.97603333333333,12.395837390161802,55.1421,79.494,1.6998666666666666,0.8596721836452156,0.8641,2.5816,3
Transformer,o1,ttl_mimic_L1,ttl_mimic,1,True,41.390633333333334,4.3117848674688455,36.7569,45.2848,15.676633333333333,3.344827759890386,13.7388,19.5389,42.932700000000004,7.237069200304776,35.1763,49.5042,72.54206666666667,20.828552329034615,57.5859,96.3316,3
Transformer,o1,ttl_mimic_L2,ttl_mimic,2,True,3.0582666666666665,1.5881363616935835,1.3428,4.4773,33.03243333333334,12.31912117739465,18.8186,40.6251,63.90926666666667,13.834889365055773,54.8975,79.8386,0.9612666666666666,0.5698520538993725,0.3923,1.532,3
Transformer,o1,ttl_mimic_L3,ttl_mimic,3,True,48.65056666666667,6.052353233522749,42.9438,54.9976,14.904466666666666,3.492278405759389,12.565,18.9187,36.44493333333333,6.40038278959418,32.4374,43.8264,83.503,14.67791009885263,67.5732,96.4801,3
Transformer,o6,combined_hold_L1,combined_hold,1,True,0.029633333333333334,0.008421599214717673,0.02,0.0356,69.80866666666667,1.0799508430170954,68.8475,70.9773,30.16173333333333,1.085675477909184,28.9894,31.1325,0.0106,0.0183597385602301,0.0,0.0318,3
Transformer,o6,combined_hold_L2,combined_hold,2,True,0.07776666666666666,0.07349696138843655,0.0133,0.1578,66.80006666666667,2.2344054630557335,64.6414,69.1032,33.12213333333333,2.255990924922648,30.8346,35.3452,0.1184,0.2050748156161551,0.0,0.3552,3
Transformer,o6,combined_hold_L3,combined_hold,3,True,0.08073333333333334,0.050422746189922395,0.0422,0.1378,67.22466666666666,1.334827049970638,65.8152,68.4696,32.6946,1.2856326691555415,31.4882,34.047,0.10426666666666667,0.18059516420251495,0.0,0.3128,3
Transformer,o6,combined_hold_L4,combined_hold,4,True,0.0393,0.029602026957625722,0.0067,0.0645,66.94753333333334,4.3119447124625045,61.9759,69.6679,33.013200000000005,4.289075071620922,30.3255,37.9596,0.0,0.0,0.0,0.0,3
Transformer,o6,combined_mimic_L1,combined_mimic,1,True,0.0941,0.09146414598081588,0.0133,0.1934,69.44260000000001,1.3383592156069204,68.2429,70.8861,30.4633,1.2936132188563951,29.0383,31.5637,0.13606666666666667,0.22655651244961672,0.0,0.3976,3
Transformer,o6,combined_mimic_L2,combined_mimic,2,True,0.0741,0.07437398738806465,0.0156,0.1578,66.79933333333334,2.237664875117215,64.637,69.1054,33.126599999999996,2.2514996802131653,30.8457,35.3475,0.1184,0.2050748156161551,0.0,0.3552,3
Transformer,o6,combined_mimic_L3,combined_mimic,3,True,0.15639999999999998,0.08611138136158308,0.1023,0.2557,67.56703333333333,2.897215974575139,64.3635,70.0036,32.2766,2.813617123917184,29.8942,35.3808,0.24736666666666665,0.2911862004514179,0.0106,0.5725,3
Transformer,o6,combined_mimic_L4,combined_mimic,4,True,0.0882,0.09128729374891119,0.0111,0.189,67.87306666666667,3.3788381380784345,64.0345,70.397,32.03873333333333,3.41597845621622,29.414,35.901,0.10956666666666666,0.18977503348262997,0.0,0.3287,3
Transformer,o6,connection_rate_L1,connection_rate,1,True,0.0007333333333333333,0.0012701705922171767,0.0,0.0022,71.72496666666666,1.5679722265822646,70.2859,73.396,28.2743,1.5669628489533516,26.604,29.7119,0.0,0.0,0.0,0.0,3
Transformer,o6,connection_rate_L2,connection_rate,2,True,0.0007333333333333333,0.0012701705922171767,0.0,0.0022,71.67013333333334,1.233192480245204,70.2548,72.5134,28.32913333333333,1.2319300196575012,27.4866,29.743,0.0,0.0,0.0,0.0,3
Transformer,o6,connection_rate_L3,connection_rate,3,True,0.0,0.0,0.0,0.0,71.2055,1.461164836697078,69.6323,72.5201,28.7945,1.4611648366970778,27.4799,30.3677,0.0,0.0,0.0,0.0,3
Transformer,o6,connection_rate_L4,connection_rate,4,True,0.0,0.0,0.0,0.0,70.78089999999999,1.428671715265613,69.2366,72.0555,29.2191,1.4286717152656165,27.9445,30.7634,0.0,0.0,0.0,0.0,3
Transformer,o6,identity_L0,identity,0,True,0.0,0.0,0.0,0.0,72.68536666666667,1.5763312543159615,71.642,74.4987,27.314633333333333,1.576331254315961,25.5013,28.358,0.0,0.0,0.0,0.0,3
Transformer,o6,padding_L1,padding,1,True,0.005200000000000001,0.002598076211353316,0.0022,0.0067,68.0887,1.8202348227632528,67.0112,70.1903,31.9061,1.817637026471455,29.8075,32.9821,0.0,0.0,0.0,0.0,3
Transformer,o6,padding_L2,padding,2,True,0.005200000000000001,0.0025980762113533163,0.0022,0.0067,66.53476666666667,1.6329668898460008,65.355,68.3985,33.46006666666667,1.6338540153065524,31.5949,34.6383,0.0,0.0,0.0,0.0,3
Transformer,o6,padding_L3,padding,3,True,0.0059,0.004635730794599704,0.0022,0.0111,65.19123333333333,2.2199417252111204,63.0163,67.4536,34.8028,2.2234032652670064,32.5352,36.9792,0.0,0.0,0.0,0.0,3
Transformer,o6,padding_L4,padding,4,True,0.0089,0.0022000000000000006,0.0067,0.0111,63.10596666666666,3.174532337736275,59.4882,65.4262,36.8851,3.172772476872556,34.5649,40.5006,0.0,0.0,0.0,0.0,3
Transformer,o6,timing_L1,timing,1,True,0.0074,0.009271461589199408,0.0,0.0178,72.6468,1.7576757493917856,71.473,74.6676,27.345766666666666,1.7506583228412478,25.3324,28.5092,0.0,0.0,0.0,0.0,3
Transformer,o6,timing_L2,timing,2,True,0.009633333333333334,0.010020146372849717,0.0,0.02,72.5631,1.7389951955080294,71.4308,74.5654,27.427266666666668,1.7302646310126486,25.4346,28.5492,0.0,0.0,0.0,0.0,3
Transformer,o6,timing_L3,timing,3,True,0.0126,0.013413053343664895,0.0,0.0267,72.1007,1.9090858728721383,70.855,74.2986,27.8867,1.8976193427555497,25.7014,29.1183,0.0,0.0,0.0,0.0,3
Transformer,o6,timing_L4,timing,4,True,0.006666666666666667,0.0066500626563464295,0.0,0.0133,72.05326666666667,1.8019023428957843,70.7394,74.1074,27.9401,1.7956993317368024,25.8926,29.2473,0.0,0.0,0.0,0.0,3
Transformer,o6,ttl_both_L1,ttl_both,1,False,19.725666666666665,6.357795254908208,15.7018,27.0553,56.6812,4.878946200769177,51.0671,59.8951,23.59313333333333,1.6714944730190795,21.8776,25.2168,2.1717,0.36077578909899155,1.8024,2.5233,3
Transformer,o6,ttl_hold_L1,ttl_hold,1,True,0.021500000000000002,0.00677569184659397,0.0156,0.0289,72.17256666666667,1.5977413317972824,70.9973,73.9918,27.805933333333332,1.6036981958377774,25.9793,28.9827,0.003533333333333333,0.0061199128534100335,0.0,0.0106,3
Transformer,o6,ttl_hold_L2,ttl_hold,2,True,0.021500000000000002,0.00677569184659397,0.0156,0.0289,72.16663333333334,1.6003853046480143,70.9928,73.9896,27.811866666666663,1.6063497823741042,25.9815,28.9872,0.003533333333333333,0.0061199128534100335,0.0,0.0106,3
Transformer,o6,ttl_hold_L3,ttl_hold,3,True,0.025933333333333333,0.0089489291724392,0.0156,0.0311,72.1459,1.6309065301236616,70.9084,73.994,27.828166666666664,1.633905726574621,25.9748,29.0605,0.003533333333333333,0.0061199128534100335,0.0,0.0106,3
Transformer,o6,ttl_mimic_L1,ttl_mimic,1,True,0.04963333333333333,0.027807253250426104,0.0222,0.0778,71.96436666666666,1.6137903498699346,70.9951,73.8273,27.986,1.6385392061223327,26.0949,28.9827,0.012366666666666666,0.0030599564267050176,0.0106,0.0159,3
Transformer,o6,ttl_mimic_L2,ttl_mimic,2,True,0.0185,0.004635730794599703,0.0133,0.0222,72.16293333333333,1.6002463695735587,70.9862,73.9851,27.818533333333335,1.600852239694011,25.9948,28.9916,0.003533333333333333,0.0061199128534100335,0.0,0.0106,3
Transformer,o6,ttl_mimic_L3,ttl_mimic,3,True,0.06296666666666667,0.04358030900915382,0.0222,0.1089,71.91396666666667,1.6705085283629453,70.9462,73.8429,28.02303333333333,1.710316878047261,26.0482,29.0249,0.0159,0.0053,0.0106,0.0212,3
Transformer,o6_loo,combined_hold_L1,combined_hold,1,True,4.1061,,4.1061,4.1061,25.757,,25.757,25.757,70.1369,,70.1369,70.1369,0.4029,,0.4029,0.4029,1
Transformer,o6_loo,combined_hold_L2,combined_hold,2,True,6.1202,,6.1202,6.1202,18.7519,,18.7519,18.7519,75.1278,,75.1278,75.1278,3.8433,,3.8433,3.8433,1
Transformer,o6_loo,combined_hold_L3,combined_hold,3,True,11.3957,,11.3957,11.3957,15.7263,,15.7263,15.7263,72.878,,72.878,72.878,13.1944,,13.1944,13.1944,1
Transformer,o6_loo,combined_hold_L4,combined_hold,4,True,17.9716,,17.9716,17.9716,16.5355,,16.5355,16.5355,65.4929,,65.4929,65.4929,24.5971,,24.5971,24.5971,1
Transformer,o6_loo,combined_mimic_L1,combined_mimic,1,True,60.911,,60.911,60.911,12.6228,,12.6228,12.6228,26.4661,,26.4661,26.4661,96.1885,,96.1885,96.1885,1
Transformer,o6_loo,combined_mimic_L2,combined_mimic,2,True,6.3225,,6.3225,6.3225,18.6986,,18.6986,18.6986,74.9789,,74.9789,74.9789,3.9122,,3.9122,3.9122,1
Transformer,o6_loo,combined_mimic_L3,combined_mimic,3,True,69.5745,,69.5745,69.5745,11.6869,,11.6869,11.6869,18.7386,,18.7386,18.7386,97.7046,,97.7046,97.7046,1
Transformer,o6_loo,combined_mimic_L4,combined_mimic,4,True,69.6545,,69.6545,69.6545,12.0937,,12.0937,12.0937,18.2517,,18.2517,18.2517,97.5244,,97.5244,97.5244,1
Transformer,o6_loo,connection_rate_L1,connection_rate,1,True,0.0156,,0.0156,0.0156,71.373,,71.373,71.373,28.6114,,28.6114,28.6114,0.0,,0.0,0.0,1
Transformer,o6_loo,connection_rate_L2,connection_rate,2,True,0.0022,,0.0022,0.0022,71.4375,,71.4375,71.4375,28.5603,,28.5603,28.5603,0.0,,0.0,0.0,1
Transformer,o6_loo,connection_rate_L3,connection_rate,3,True,0.0,,0.0,0.0,70.9328,,70.9328,70.9328,29.0672,,29.0672,29.0672,0.0,,0.0,0.0,1
Transformer,o6_loo,connection_rate_L4,connection_rate,4,True,0.0,,0.0,0.0,70.9439,,70.9439,70.9439,29.0561,,29.0561,29.0561,0.0,,0.0,0.0,1
Transformer,o6_loo,identity_L0,identity,0,True,0.0,,0.0,0.0,72.1177,,72.1177,72.1177,27.8823,,27.8823,27.8823,0.0,,0.0,0.0,1
Transformer,o6_loo,padding_L1,padding,1,True,0.0133,,0.0133,0.0133,70.9973,,70.9973,70.9973,28.9894,,28.9894,28.9894,0.0,,0.0,0.0,1
Transformer,o6_loo,padding_L2,padding,2,True,0.0111,,0.0111,0.0111,68.3696,,68.3696,68.3696,31.6193,,31.6193,31.6193,0.0,,0.0,0.0,1
Transformer,o6_loo,padding_L3,padding,3,True,0.0467,,0.0467,0.0467,69.2588,,69.2588,69.2588,30.6945,,30.6945,30.6945,0.0,,0.0,0.0,1
Transformer,o6_loo,padding_L4,padding,4,True,0.0867,,0.0867,0.0867,67.6271,,67.6271,67.6271,32.2862,,32.2862,32.2862,0.0,,0.0,0.0,1
Transformer,o6_loo,timing_L1,timing,1,True,0.0044,,0.0044,0.0044,72.2356,,72.2356,72.2356,27.76,,27.76,27.76,0.0,,0.0,0.0,1
Transformer,o6_loo,timing_L2,timing,2,True,0.0111,,0.0111,0.0111,72.3023,,72.3023,72.3023,27.6866,,27.6866,27.6866,0.0,,0.0,0.0,1
Transformer,o6_loo,timing_L3,timing,3,True,0.0044,,0.0044,0.0044,72.7291,,72.7291,72.7291,27.2665,,27.2665,27.2665,0.0,,0.0,0.0,1
Transformer,o6_loo,timing_L4,timing,4,True,0.0044,,0.0044,0.0044,73.0626,,73.0626,73.0626,26.933,,26.933,26.933,0.0,,0.0,0.0,1
Transformer,o6_loo,ttl_both_L1,ttl_both,1,False,87.3416,,87.3416,87.3416,1.7652,,1.7652,1.7652,10.8932,,10.8932,10.8932,99.788,,99.788,99.788,1
Transformer,o6_loo,ttl_hold_L1,ttl_hold,1,True,3.7459,,3.7459,3.7459,36.7347,,36.7347,36.7347,59.5194,,59.5194,59.5194,0.2863,,0.2863,0.2863,1
Transformer,o6_loo,ttl_hold_L2,ttl_hold,2,True,3.7748,,3.7748,3.7748,36.5346,,36.5346,36.5346,59.6905,,59.6905,59.6905,0.2916,,0.2916,0.2916,1
Transformer,o6_loo,ttl_hold_L3,ttl_hold,3,True,4.3729,,4.3729,4.3729,35.3008,,35.3008,35.3008,60.3264,,60.3264,60.3264,0.6997,,0.6997,0.6997,1
Transformer,o6_loo,ttl_mimic_L1,ttl_mimic,1,True,57.5363,,57.5363,57.5363,12.3516,,12.3516,12.3516,30.112,,30.112,30.112,95.1866,,95.1866,95.1866,1
Transformer,o6_loo,ttl_mimic_L2,ttl_mimic,2,True,3.9727,,3.9727,3.9727,36.4857,,36.4857,36.4857,59.5416,,59.5416,59.5416,0.3658,,0.3658,0.3658,1
Transformer,o6_loo,ttl_mimic_L3,ttl_mimic,3,True,62.2627,,62.2627,62.2627,11.3179,,11.3179,11.3179,26.4195,,26.4195,26.4195,97.8584,,97.8584,97.8584,1
XGBoost,c1,combined_hold_L1,combined_hold,1,True,7.144533333333334,0.10048295046092799,7.0307,7.2209,59.5588,0.32656278110035947,59.1883,59.8048,33.29666666666666,0.2904536509209901,33.0958,33.6297,2.6945333333333337,0.6736500006185209,2.0209,3.3682,3
XGBoost,c1,combined_hold_L2,combined_hold,2,True,3.6803666666666666,0.031837451740573536,3.6437,3.701,22.75593333333333,0.11064110146475264,22.6528,22.8728,73.5637,0.1204840653364632,73.4262,73.6508,0.035333333333333335,0.01333804083564499,0.0212,0.0477,3
XGBoost,c1,combined_hold_L3,combined_hold,3,True,92.78746666666666,0.783294486980049,91.883,93.242,0.4339,0.033082170424565564,0.4148,0.4721,6.778633333333334,0.7502124654611735,6.3432,7.6449,99.9894,0.009179869280106988,99.9788,99.9947,3
XGBoost,c1,combined_hold_L4,combined_hold,4,True,94.73383333333334,0.0584782295673608,94.6697,94.7842,0.2864333333333333,0.020386596904175353,0.2635,0.3025,4.979733333333333,0.07880268607943122,4.9133,5.0668,99.99823333333332,0.0030599564267081406,99.9947,100.0,3
XGBoost,c1,combined_mimic_L1,combined_mimic,1,True,39.55586666666667,2.0800102315453475,37.4178,41.5725,36.59813333333333,2.2657096224656263,35.0482,39.1984,23.845933333333335,0.8044254181298177,23.3792,24.7748,61.387233333333334,5.299110352062251,55.2697,64.5574,3
XGBoost,c1,combined_mimic_L2,combined_mimic,2,True,3.6666000000000003,0.037829750197430664,3.6231,3.6918,22.745966666666664,0.11506269305614841,22.6436,22.8705,73.58743333333332,0.12383086583454508,73.4446,73.6646,0.035333333333333335,0.01333804083564499,0.0212,0.0477,3
XGBoost,c1,combined_mimic_L3,combined_mimic,3,True,95.42513333333333,0.2211701682717017,95.2884,95.6803,0.20623333333333335,0.021025302217407803,0.1833,0.2246,4.3686,0.201104251571169,4.1364,4.487,99.99470000000001,0.0,99.9947,99.9947,3
XGBoost,c1,combined_mimic_L4,combined_mimic,4,True,96.24249999999999,0.19722806595411432,96.0859,96.464,0.16043333333333334,0.012113766273679442,0.1467,0.1696,3.5970666666666666,0.18512656031302832,3.3893,3.7445,100.0,0.0,100.0,100.0,3
XGBoost,c1,connection_rate_L1,connection_rate,1,True,0.1497,0.010812955192730601,0.1375,0.1581,79.84583333333333,0.03471618258583599,79.8061,79.8703,20.004466666666666,0.045034357254582935,19.9762,20.0564,0.003533333333333333,0.0061199128534100335,0.0,0.0106,3
XGBoost,c1,connection_rate_L2,connection_rate,2,True,0.16879999999999998,0.008650433515148232,0.1627,0.1787,80.09333333333333,0.06906709298452139,80.0284,80.1659,19.73783333333333,0.06763019542581249,19.6714,19.8066,0.003533333333333333,0.0061199128534100335,0.0,0.0106,3
XGBoost,c1,connection_rate_L3,connection_rate,3,True,0.11306666666666666,0.035704668228865165,0.0756,0.1467,80.07119999999999,0.008029943959958628,80.0628,80.0788,19.815733333333334,0.027778828869002632,19.7905,19.8455,0.003533333333333333,0.0061199128534100335,0.0,0.0106,3
XGBoost,c1,connection_rate_L4,connection_rate,4,True,0.07256666666666667,0.013816777241214148,0.0596,0.0871,79.7618,0.011523454343209645,79.7511,79.774,20.165633333333332,0.003513308032798945,20.1618,20.1687,0.003533333333333333,0.0061199128534100335,0.0,0.0106,3
XGBoost,c1,identity_L0,identity,0,True,0.0,0.0,0.0,0.0,79.03156666666666,0.02422753254736417,79.0041,79.0499,20.968433333333333,0.02422753254735897,20.9501,20.9959,0.0,0.0,0.0,0.0,3
XGBoost,c1,padding_L1,padding,1,True,0.8776999999999999,0.18389227825006685,0.6714,1.0244,68.08746666666667,0.6506004329335546,67.539,68.8063,31.0348,0.7668247322563364,30.2564,31.7895,1.4533666666666667,0.44352733098799374,0.9601,1.8193,3
XGBoost,c1,padding_L2,padding,2,True,1.0022,0.44703034572610406,0.4881,1.2994,65.8646,0.40126385334340936,65.472,66.274,33.1332,0.8250540770155624,32.4266,34.0399,1.8918333333333333,1.0311141223615032,0.7055,2.5725,3
XGBoost,c1,padding_L3,padding,3,True,0.48736666666666667,0.022925168120066917,0.4698,0.5133,68.54046666666666,0.04681552449062896,68.5038,68.5932,30.972166666666666,0.031216074918756085,30.937,30.9966,0.5763666666666666,0.048147931765895505,0.541,0.6312,3
XGBoost,c1,padding_L4,padding,4,True,0.8807666666666666,0.1458926431775548,0.7242,1.0129,69.2738,0.220324374502687,69.0607,69.5007,29.845466666666667,0.07616228287895013,29.7752,29.9264,1.6001,0.2716578178517969,1.3154,1.8565,3
XGBoost,c1,timing_L1,timing,1,True,0.0672,0.009241753080449623,0.0573,0.0756,79.3478,0.029266533788613207,79.3226,79.3799,20.584966666666666,0.020039544239661675,20.5628,20.6018,0.0017666666666666666,0.0030599564267050168,0.0,0.0053,3
XGBoost,c1,timing_L2,timing,2,True,0.123,0.012609916732476875,0.1146,0.1375,79.2951,0.03852259077476982,79.2516,79.3249,20.581933333333335,0.045060662815069846,20.5537,20.6339,0.0,0.0,0.0,0.0,3
XGBoost,c1,timing_L3,timing,3,True,0.28336666666666666,0.038766523358863804,0.2406,0.3162,78.90929999999999,0.01689704116110697,78.8963,78.9284,20.807233333333333,0.04830903987178135,20.7782,20.863,0.0159,0.0053,0.0106,0.0212,3
XGBoost,c1,timing_L4,timing,4,True,0.44073333333333337,0.06262589986046777,0.3712,0.4927,78.6855,0.10405580233701484,78.5686,78.768,20.87376666666667,0.08793186756422915,20.7737,20.9387,0.0371,0.01402248194864233,0.0212,0.0477,3
XGBoost,c1,ttl_both_L1,ttl_both,1,False,49.082966666666664,0.40692628734616576,48.8026,49.5497,42.06366666666667,0.028841694356147654,42.0331,42.0904,8.853366666666666,0.382226926489139,8.4172,9.1299,3.771266666666667,0.045335894535492756,3.7235,3.8137,3
XGBoost,c1,ttl_hold_L1,ttl_hold,1,True,5.734400000000001,0.07873010859893455,5.6878,5.8253,70.07583333333334,0.14930536940557504,69.9131,70.2065,24.1897,0.21461768333480805,23.9682,24.3967,0.05653333333333333,0.003059956426705016,0.053,0.0583,3
XGBoost,c1,ttl_hold_L2,ttl_hold,2,True,4.625266666666667,0.059659142914840334,4.5672,4.6864,71.00319999999999,0.13037112410346435,70.9146,71.1529,24.371533333333332,0.1871886303527369,24.1607,24.5182,0.024733333333333333,0.003059956426705016,0.0212,0.0265,3
XGBoost,c1,ttl_hold_L3,ttl_hold,3,True,48.307633333333335,0.1657697901709872,48.1266,48.452,42.2134,0.150592031661703,42.1088,42.386,9.478966666666667,0.03629246937497333,9.4392,9.5103,3.7199666666666666,0.003059956426705064,3.7182,3.7235,3
XGBoost,c1,ttl_mimic_L1,ttl_mimic,1,True,6.8283,0.14189048593898024,6.7374,6.9918,69.64886666666666,0.1023621186442237,69.5419,69.7459,23.52286666666667,0.23548232063858562,23.2624,23.7207,0.10963333333333332,0.008095883727755316,0.1008,0.1167,3
XGBoost,c1,ttl_mimic_L2,ttl_mimic,2,True,4.616866666666667,0.05624467382191267,4.5626,4.6749,71.0414,0.110983827650698,70.9673,71.169,24.341733333333334,0.1646469050220307,24.1561,24.4701,0.024733333333333333,0.003059956426705016,0.0212,0.0265,3
XGBoost,c1,ttl_mimic_L3,ttl_mimic,3,True,49.082966666666664,0.40692628734616576,48.8026,49.5497,42.06366666666667,0.028841694356147654,42.0331,42.0904,8.853366666666666,0.382226926489139,8.4172,9.1299,3.771266666666667,0.045335894535492756,3.7235,3.8137,3
XGBoost,o1,combined_hold_L1,combined_hold,1,True,8.750966666666667,0.6951243941434755,8.0161,9.398,61.9436,1.2560013375789079,60.9872,63.366,29.305400000000002,0.596382519864558,28.6179,29.6835,1.0573,0.3912417539067117,0.7903,1.5064,3
XGBoost,o1,combined_hold_L2,combined_hold,2,True,4.4618,0.07570488755688126,4.3839,4.5351,22.345699999999997,0.30505815838951184,22.0593,22.6665,73.19246666666666,0.34649721980606385,72.8671,73.5568,0.05483333333333334,0.01535751716044405,0.0371,0.0637,3
XGBoost,o1,combined_hold_L3,combined_hold,3,True,94.71856666666667,0.4836162149197697,94.2938,95.2449,0.24903333333333333,0.059529852455161805,0.1971,0.314,5.0324333333333335,0.42868968186012296,4.5581,5.3922,99.99470000000001,0.0,99.9947,99.9947,3
XGBoost,o1,combined_hold_L4,combined_hold,4,True,96.09123333333334,0.281709448427511,95.8315,96.3907,0.17800000000000002,0.03724244889907215,0.149,0.22,3.7308,0.2482808289014681,3.4604,3.9485,100.0,0.0,100.0,100.0,3
XGBoost,o1,combined_mimic_L1,combined_mimic,1,True,47.04416666666666,0.806091584953805,46.3024,47.902,33.946733333333334,0.17639768516999638,33.7603,34.111,19.0091,0.6967962471196305,18.3376,19.7287,64.55913333333332,0.3998080706205611,64.2922,65.0188,3
XGBoost,o1,combined_mimic_L2,combined_mimic,2,True,4.441199999999999,0.0737317435030533,4.3633,4.5099,22.3503,0.30338620601471056,22.0616,22.6665,73.20853333333334,0.3478875440905161,72.8831,73.5752,0.05483333333333334,0.01535751716044405,0.0371,0.0637,3
XGBoost,o1,combined_mimic_L3,combined_mimic,3,True,96.2593,0.16154049028029496,96.1157,96.4342,0.13443333333333332,0.0026558112382722944,0.1329,0.1375,3.6062666666666665,0.1640332994648746,3.4283,3.7514,99.99470000000001,0.0,99.9947,99.9947,3
XGBoost,o1,combined_mimic_L4,combined_mimic,4,True,96.9017,0.04565402501423393,96.8742,96.9544,0.1283,0.0,0.1283,0.1283,2.9699666666666666,0.04571174174469124,2.9172,2.9975,100.0,0.0,100.0,100.0,3
XGBoost,o1,connection_rate_L1,connection_rate,1,True,0.2872333333333333,0.010319560714164816,0.2773,0.2979,79.72516666666667,0.007336438736431661,79.7168,79.7305,19.98763333333333,0.017318294758242737,19.9716,20.006,0.0,0.0,0.0,0.0,3
XGBoost,o1,connection_rate_L2,connection_rate,2,True,0.3544333333333333,0.019055270487015778,0.3392,0.3758,79.92376666666667,0.052392779400737444,79.8634,79.9574,19.721799999999998,0.03470950878361731,19.6943,19.7608,0.0017666666666666666,0.0030599564267050168,0.0,0.0053,3
XGBoost,o1,connection_rate_L3,connection_rate,3,True,0.3384,0.028276668827851695,0.3071,0.3621,79.88326666666666,0.04158874046341658,79.8359,79.9138,19.778333333333332,0.024059163188550135,19.7539,19.802,0.0017666666666666666,0.0030599564267050168,0.0,0.0053,3
XGBoost,o1,connection_rate_L4,connection_rate,4,True,0.17646666666666666,0.01731165310804643,0.1604,0.1948,79.5739,0.06461485897221883,79.5013,79.6251,20.249633333333332,0.05180630592247716,20.2007,20.3039,0.0017666666666666666,0.0030599564267050168,0.0,0.0053,3
XGBoost,o1,identity_L0,identity,0,True,0.0,0.0,0.0,0.0,79.28133333333334,0.019598554368457703,79.2607,79.2997,20.718666666666667,0.019598554368457297,20.7003,20.7393,0.0,0.0,0.0,0.0,3
XGBoost,o1,padding_L1,padding,1,True,0.9128333333333334,0.09319787193564737,0.825,1.0106,69.45406666666666,1.4590493628843855,68.5428,71.1369,29.6331,1.3814031815512795,28.0381,30.4466,0.5269,0.08221477969319142,0.4456,0.61,3
XGBoost,o1,padding_L2,padding,2,True,0.6592333333333333,0.06688589786594284,0.5821,0.7012,68.46253333333334,1.4604961017864189,66.9615,69.8788,30.878233333333338,1.4028503139441986,29.5392,32.3372,0.45793333333333336,0.09020877636534778,0.3554,0.5251,3
XGBoost,o1,padding_L3,padding,3,True,0.6057666666666667,0.06844102083789608,0.5523,0.6829,66.64909999999999,1.8920665633111302,64.4705,67.8805,32.745133333333335,1.8243633008075302,31.5672,34.8466,0.31293333333333334,0.10592248738267683,0.2228,0.4296,3
XGBoost,o1,padding_L4,padding,4,True,0.9235333333333333,0.1628200335749055,0.7356,1.0221,67.49470000000001,0.7398413884070097,66.6499,68.0271,31.581766666666667,0.655068853887387,31.1708,32.3372,1.2429333333333332,0.33250032080185027,0.8593,1.448,3
XGBoost,o1,timing_L1,timing,1,True,0.2795666666666667,0.010485386656358125,0.2704,0.291,79.44403333333334,0.11521550821540526,79.3111,79.5151,20.276366666666664,0.12311256366973138,20.203,20.4185,0.007066666666666666,0.0030599564267050168,0.0053,0.0106,3
XGBoost,o1,timing_L2,timing,2,True,0.35523333333333335,0.03208571852605665,0.3323,0.3919,79.34476666666667,0.1582118937796201,79.1622,79.4418,20.300066666666666,0.1263867609100479,20.226,20.446,0.0159,0.0106,0.0053,0.0265,3
XGBoost,o1,timing_L3,timing,3,True,0.6370666666666667,0.05724581498531864,0.5729,0.6829,78.9315,0.21689239267433968,78.7084,79.1416,20.43143333333333,0.18260241874995295,20.2855,20.6362,0.028266666666666666,0.00809588372775532,0.0212,0.0371,3
XGBoost,o1,timing_L4,timing,4,True,0.8715666666666667,0.07589099639175477,0.7998,0.951,78.64506666666666,0.2154040931211253,78.4289,78.8597,20.483366666666665,0.1963005943275096,20.3405,20.7072,0.05653333333333333,0.003059956426705016,0.053,0.0583,3
XGBoost,o1,ttl_both_L1,ttl_both,1,False,49.89266666666666,0.43999601513347397,49.5176,50.377,41.571733333333334,0.26263894100710494,41.2906,41.8108,8.535566666666666,0.17926919237095112,8.3324,8.6715,4.904633333333333,0.5758014964667364,4.3654,5.5111,3
XGBoost,o1,ttl_hold_L1,ttl_hold,1,True,6.4708000000000006,0.12046538922030668,6.3318,6.5449,70.50133333333333,0.1535229733080192,70.3463,70.6533,23.027866666666668,0.07529211999494503,22.9599,23.1088,0.0796,0.010599999999999998,0.069,0.0902,3
XGBoost,o1,ttl_hold_L2,ttl_hold,2,True,5.5174666666666665,0.06499941025373492,5.4426,5.5595,70.95280000000001,0.21181494281565275,70.7129,71.114,23.529733333333336,0.19597811952698602,23.3357,23.7276,0.040633333333333334,0.003059956426705016,0.0371,0.0424,3
XGBoost,o1,ttl_hold_L3,ttl_hold,3,True,49.16166666666667,0.29710942989635225,48.9516,49.5016,41.908633333333334,0.18530648486584095,41.6963,42.0377,8.929733333333333,0.11177836701854851,8.8022,9.0107,4.167366666666667,0.3960267331043866,3.8615,4.6147,3
XGBoost,o1,ttl_mimic_L1,ttl_mimic,1,True,8.112366666666667,0.49823148569047043,7.6861,8.6601,69.5885,0.3439852903831773,69.1913,69.7871,22.299133333333334,0.2005516724770288,22.1486,22.5268,0.3182333333333333,0.12675552584930305,0.1803,0.4296,3
XGBoost,o1,ttl_mimic_L2,ttl_mimic,2,True,5.512133333333334,0.06445388532379831,5.438,5.5549,70.95126666666667,0.21146210850488265,70.7129,71.1163,23.53663333333333,0.19595112485855434,23.3403,23.7322,0.040633333333333334,0.003059956426705016,0.0371,0.0424,3
XGBoost,o1,ttl_mimic_L3,ttl_mimic,3,True,49.89266666666666,0.43999601513347397,49.5176,50.377,41.571733333333334,0.26263894100710494,41.2906,41.8108,8.535566666666666,0.17926919237095112,8.3324,8.6715,4.904633333333333,0.5758014964667364,4.3654,5.5111,3
XGBoost,o6,combined_hold_L1,combined_hold,1,True,0.03513333333333333,0.008025168741735797,0.0275,0.0435,77.67183333333334,0.12462011608617915,77.5855,77.8147,22.292999999999996,0.12325270788100291,22.1509,22.3709,0.0,0.0,0.0,0.0,3
XGBoost,o6,combined_hold_L2,combined_hold,2,True,0.0,0.0,0.0,0.0,77.54733333333333,0.12860257903064487,77.4503,77.6932,22.45266666666667,0.12860257903064573,22.3068,22.5497,0.0,0.0,0.0,0.0,3
XGBoost,o6,combined_hold_L3,combined_hold,3,True,0.0,0.0,0.0,0.0,77.66726666666666,0.13085588765254377,77.5649,77.8147,22.332733333333334,0.13085588765253542,22.1853,22.4351,0.0,0.0,0.0,0.0,3
XGBoost,o6,combined_hold_L4,combined_hold,4,True,0.0,0.0,0.0,0.0,77.10276666666665,0.09280917698877536,76.9966,77.1685,22.897233333333332,0.09280917698877285,22.8315,23.0034,0.0,0.0,0.0,0.0,3
XGBoost,o6,combined_mimic_L1,combined_mimic,1,True,0.016066666666666663,0.019993582303662674,0.0023,0.039,77.84906666666667,0.1279587563761594,77.7299,77.9843,22.134866666666667,0.1141132916593565,22.0088,22.2311,0.03006666666666667,0.052076994280904246,0.0,0.0902,3
XGBoost,o6,combined_mimic_L2,combined_mimic,2,True,0.0,0.0,0.0,0.0,77.584,0.10933238312595113,77.4916,77.7047,22.416,0.10933238312595218,22.2953,22.5084,0.0,0.0,0.0,0.0,3
XGBoost,o6,combined_mimic_L3,combined_mimic,3,True,0.0,0.0,0.0,0.0,77.81163333333333,0.12702760854763806,77.7001,77.9499,22.188366666666667,0.12702760854764353,22.0501,22.2999,0.0,0.0,0.0,0.0,3
XGBoost,o6,combined_mimic_L4,combined_mimic,4,True,0.0,0.0,0.0,0.0,77.14553333333333,0.03151068601813663,77.118,77.1799,22.854466666666667,0.03151068601813314,22.8201,22.882,0.0,0.0,0.0,0.0,3
XGBoost,o6,connection_rate_L1,connection_rate,1,True,0.1818,0.018532943640986992,0.1604,0.1925,79.69383333333333,0.04874600838358637,79.6503,79.7465,20.124366666666667,0.054889191407174846,20.061,20.1572,0.0017666666666666666,0.0030599564267050168,0.0,0.0053,3
XGBoost,o6,connection_rate_L2,connection_rate,2,True,0.15963333333333332,0.007393465583427928,0.1512,0.165,80.1827,0.025283393759539117,80.1567,80.2072,19.657633333333333,0.020330354973125582,19.6416,19.6805,0.0,0.0,0.0,0.0,3
XGBoost,o6,connection_rate_L3,connection_rate,3,True,0.049666666666666665,0.03292420588766467,0.0252,0.0871,80.37366666666667,0.040402021401576345,80.3492,80.4203,19.576633333333334,0.04330823632212784,19.543,19.6255,0.0,0.0,0.0,0.0,3
XGBoost,o6,connection_rate_L4,connection_rate,4,True,0.022933333333333333,0.01189341554530629,0.0092,0.0298,80.19420000000001,0.014729901561100295,80.1774,80.2049,19.7829,0.026599999999999697,19.7653,19.8135,0.0,0.0,0.0,0.0,3
XGBoost,o6,identity_L0,identity,0,True,0.0,0.0,0.0,0.0,78.96893333333334,0.04630349158901596,78.9422,79.0224,21.031066666666664,0.04630349158901032,20.9776,21.0578,0.0,0.0,0.0,0.0,3
XGBoost,o6,padding_L1,padding,1,True,0.4644333333333333,0.0718238354123012,0.385,0.5248,77.75893333333333,0.1316120181948928,77.6818,77.9109,21.776633333333336,0.06649100189749968,21.7041,21.8347,0.45439999999999997,0.11860847355901681,0.3183,0.5357,3
XGBoost,o6,padding_L2,padding,2,True,0.14206666666666667,0.010485386656358146,0.1329,0.1535,77.6535,0.02945980312221588,77.6199,77.6749,22.204433333333338,0.03876652335886265,22.1716,22.2472,0.0017666666666666666,0.0030599564267050168,0.0,0.0053,3
XGBoost,o6,padding_L3,padding,3,True,0.1329,0.009199999999999993,0.1237,0.1421,77.38463333333333,0.03846262254882412,77.3403,77.4091,22.482466666666667,0.03119893160564012,22.458,22.5176,0.003533333333333333,0.0061199128534100335,0.0,0.0106,3
XGBoost,o6,padding_L4,padding,4,True,0.11536666666666666,0.008707659463560424,0.1054,0.1215,76.9989,0.046992233400851,76.9508,77.0447,22.885766666666665,0.048601680355037556,22.8338,22.9301,0.0017666666666666666,0.0030599564267050168,0.0,0.0053,3
XGBoost,o6,timing_L1,timing,1,True,0.11686666666666667,0.01790595804008637,0.1054,0.1375,78.97806666666666,0.020039544239663643,78.9559,78.9949,20.905066666666666,0.02902452985550804,20.8791,20.9364,0.0053,0.0,0.0053,0.0053,3
XGBoost,o6,timing_L2,timing,2,True,0.11226666666666667,0.023955236031676527,0.0962,0.1398,78.99793333333334,0.011747481999706122,78.988,79.0109,20.889766666666667,0.018400090579487823,20.8722,20.9089,0.012366666666666666,0.0061199128534100335,0.0053,0.0159,3
XGBoost,o6,timing_L3,timing,3,True,0.0229,0.0023,0.0206,0.0252,78.88563333333333,0.059827279173748776,78.8184,78.933,21.091466666666665,0.05762823382104953,21.0464,21.1564,0.0,0.0,0.0,0.0,3
XGBoost,o6,timing_L4,timing,4,True,0.005366666666666666,0.0013279056191361394,0.0046,0.0069,78.79243333333334,0.07367023369946392,78.7084,78.8459,21.2022,0.07415773729018382,21.1495,21.287,0.0,0.0,0.0,0.0,3
XGBoost,o6,ttl_both_L1,ttl_both,1,False,32.1027,0.1492379643388363,31.9591,32.257,52.59603333333333,0.14511341541475012,52.4394,52.7259,15.301233333333334,0.015028750225261964,15.2852,15.315,2.835933333333333,0.003059956426705064,2.8324,2.8377,3
XGBoost,o6,ttl_hold_L1,ttl_hold,1,True,0.0,0.0,0.0,0.0,78.58239999999999,0.022555930484022806,78.5572,78.6007,21.417599999999997,0.022555930484019698,21.3993,21.4428,0.0,0.0,0.0,0.0,3
XGBoost,o6,ttl_hold_L2,ttl_hold,2,True,0.0,0.0,0.0,0.0,78.40666666666667,0.02865769239372336,78.3784,78.4357,21.593333333333334,0.028657692393724336,21.5643,21.6216,0.0,0.0,0.0,0.0,3
XGBoost,o6,ttl_hold_L3,ttl_hold,3,True,0.0,0.0,0.0,0.0,78.40746666666666,0.04470451133089217,78.3624,78.4518,21.592533333333336,0.04470451133088463,21.5482,21.6376,0.0,0.0,0.0,0.0,3
XGBoost,o6,ttl_mimic_L1,ttl_mimic,1,True,0.0,0.0,0.0,0.0,78.76266666666668,0.05046824083850824,78.713,78.8139,21.237333333333336,0.05046824083850499,21.1861,21.287,0.0,0.0,0.0,0.0,3
XGBoost,o6,ttl_mimic_L2,ttl_mimic,2,True,0.0,0.0,0.0,0.0,78.3975,0.033082170424566404,78.3784,78.4357,21.602500000000003,0.033082170424565883,21.5643,21.6216,0.0,0.0,0.0,0.0,3
XGBoost,o6,ttl_mimic_L3,ttl_mimic,3,True,0.0,0.0,0.0,0.0,78.62060000000001,0.024535484507134244,78.6053,78.6489,21.3794,0.024535484507138494,21.3511,21.3947,0.0,0.0,0.0,0.0,3
XGBoost,o6_loo,combined_hold_L1,combined_hold,1,True,4.6062,,4.6062,4.6062,70.3531,,70.3531,70.3531,25.0407,,25.0407,25.0407,0.0477,,0.0477,0.0477,1
XGBoost,o6_loo,combined_hold_L2,combined_hold,2,True,2.766,,2.766,2.766,25.2561,,25.2561,25.2561,71.9779,,71.9779,71.9779,0.0106,,0.0106,0.0106,1
XGBoost,o6_loo,combined_hold_L3,combined_hold,3,True,94.0165,,94.0165,94.0165,0.3025,,0.3025,0.3025,5.681,,5.681,5.681,99.9947,,99.9947,99.9947,1
XGBoost,o6_loo,combined_hold_L4,combined_hold,4,True,94.4886,,94.4886,94.4886,0.2292,,0.2292,0.2292,5.2822,,5.2822,5.2822,99.9947,,99.9947,99.9947,1
XGBoost,o6_loo,combined_mimic_L1,combined_mimic,1,True,9.3017,,9.3017,9.3017,67.8919,,67.8919,67.8919,22.8063,,22.8063,22.8063,0.8434,,0.8434,0.8434,1
XGBoost,o6_loo,combined_mimic_L2,combined_mimic,2,True,2.766,,2.766,2.766,25.24,,25.24,25.24,71.994,,71.994,71.994,0.0106,,0.0106,0.0106,1
XGBoost,o6_loo,combined_mimic_L3,combined_mimic,3,True,95.4282,,95.4282,95.4282,0.1558,,0.1558,0.1558,4.416,,4.416,4.416,99.9947,,99.9947,99.9947,1
XGBoost,o6_loo,combined_mimic_L4,combined_mimic,4,True,95.6803,,95.6803,95.6803,0.1329,,0.1329,0.1329,4.1868,,4.1868,4.1868,99.9947,,99.9947,99.9947,1
XGBoost,o6_loo,connection_rate_L1,connection_rate,1,True,0.1077,,0.1077,0.1077,79.774,,79.774,79.774,20.1182,,20.1182,20.1182,0.0,,0.0,0.0,1
XGBoost,o6_loo,connection_rate_L2,connection_rate,2,True,0.1077,,0.1077,0.1077,80.3286,,80.3286,80.3286,19.5637,,19.5637,19.5637,0.0,,0.0,0.0,1
XGBoost,o6_loo,connection_rate_L3,connection_rate,3,True,0.0092,,0.0092,0.0092,80.5692,,80.5692,80.5692,19.4216,,19.4216,19.4216,0.0,,0.0,0.0,1
XGBoost,o6_loo,connection_rate_L4,connection_rate,4,True,0.0023,,0.0023,0.0023,80.4707,,80.4707,80.4707,19.527,,19.527,19.527,0.0,,0.0,0.0,1
XGBoost,o6_loo,identity_L0,identity,0,True,0.0,,0.0,0.0,79.0499,,79.0499,79.0499,20.9501,,20.9501,20.9501,0.0,,0.0,0.0,1
XGBoost,o6_loo,padding_L1,padding,1,True,0.1421,,0.1421,0.1421,78.2593,,78.2593,78.2593,21.5986,,21.5986,21.5986,0.0,,0.0,0.0,1
XGBoost,o6_loo,padding_L2,padding,2,True,0.1008,,0.1008,0.1008,77.6657,,77.6657,77.6657,22.2334,,22.2334,22.2334,0.0,,0.0,0.0,1
XGBoost,o6_loo,padding_L3,padding,3,True,0.0871,,0.0871,0.0871,77.6497,,77.6497,77.6497,22.2632,,22.2632,22.2632,0.0,,0.0,0.0,1
XGBoost,o6_loo,padding_L4,padding,4,True,0.0985,,0.0985,0.0985,77.4641,,77.4641,77.4641,22.4374,,22.4374,22.4374,0.0053,,0.0053,0.0053,1
XGBoost,o6_loo,timing_L1,timing,1,True,0.055,,0.055,0.055,79.3386,,79.3386,79.3386,20.6064,,20.6064,20.6064,0.0053,,0.0053,0.0053,1
XGBoost,o6_loo,timing_L2,timing,2,True,0.0481,,0.0481,0.0481,79.3593,,79.3593,79.3593,20.5926,,20.5926,20.5926,0.0,,0.0,0.0,1
XGBoost,o6_loo,timing_L3,timing,3,True,0.0092,,0.0092,0.0092,79.2882,,79.2882,79.2882,20.7026,,20.7026,20.7026,0.0,,0.0,0.0,1
XGBoost,o6_loo,timing_L4,timing,4,True,0.0023,,0.0023,0.0023,79.3066,,79.3066,79.3066,20.6912,,20.6912,20.6912,0.0,,0.0,0.0,1
XGBoost,o6_loo,ttl_both_L1,ttl_both,1,False,92.4445,,92.4445,92.4445,0.385,,0.385,0.385,7.1705,,7.1705,7.1705,99.9894,,99.9894,99.9894,1
XGBoost,o6_loo,ttl_hold_L1,ttl_hold,1,True,5.9537,,5.9537,5.9537,69.8902,,69.8902,69.8902,24.1561,,24.1561,24.1561,0.0583,,0.0583,0.0583,1
XGBoost,o6_loo,ttl_hold_L2,ttl_hold,2,True,5.0622,,5.0622,5.0622,61.826,,61.826,61.826,33.1118,,33.1118,33.1118,0.0265,,0.0265,0.0265,1
XGBoost,o6_loo,ttl_hold_L3,ttl_hold,3,True,90.7166,,90.7166,90.7166,0.5225,,0.5225,0.5225,8.7609,,8.7609,8.7609,99.9257,,99.9257,99.9257,1
XGBoost,o6_loo,ttl_mimic_L1,ttl_mimic,1,True,8.9603,,8.9603,8.9603,68.7536,,68.7536,68.7536,22.2861,,22.2861,22.2861,0.1326,,0.1326,0.1326,1
XGBoost,o6_loo,ttl_mimic_L2,ttl_mimic,2,True,5.0531,,5.0531,5.0531,61.8145,,61.8145,61.8145,33.1324,,33.1324,33.1324,0.0265,,0.0265,0.0265,1
XGBoost,o6_loo,ttl_mimic_L3,ttl_mimic,3,True,92.4445,,92.4445,92.4445,0.385,,0.385,0.385,7.1705,,7.1705,7.1705,99.9894,,99.9894,99.9894,1
